Iteration,Energy,Loss Function,Bias
0,0.17059701703305002,0.16979051004142398,0.0
1,0.06031411020455141,0.07047422096435406,0.11808503323424778
2,0.019959777338885498,0.02168284325743702,0.21048076773866414
3,0.0015489335567372454,0.0076876260752245,0.2736617895862447
4,0.0009007338618885738,0.0068180020332143584,0.2970933476843866
5,0.0004526734021153145,0.006231665737153606,0.325241771061475
6,0.000370207694811194,0.006106718835013551,0.3313539571004113
7,0.0005354548346772053,0.006033158825529399,0.33257396555462176
8,0.0005090092993216061,0.005938607656085456,0.33550058699081786
9,0.0006192472230129704,0.005833730486942499,0.3393614708993402
10,0.000632847259600811,0.005726342897550559,0.3466378895934082
11,0.00034273771120792287,0.005640022761989963,0.34900829804934397
12,0.0008179102213839337,0.005549600532740843,0.3454055394680396
13,0.0006644071409272723,0.005474543312194346,0.3436840353751383
14,0.0019046851034400613,0.005353321677868332,0.34494593916579386
15,0.0019145491538981652,0.005326007767551474,0.3452097574188513
16,0.0024100909604258553,0.005274230555419447,0.3445976383391253
17,0.002032747353700733,0.00518224742428674,0.3434445334692815
18,0.003730032649440885,0.0050812270136710806,0.3420660473150203
19,0.003996343366822784,0.005025779363032214,0.33950717870468683
20,0.0037083077782729085,0.004990682554264605,0.3389115610470078
21,0.005578782194049574,0.004944522002996406,0.33767794586937233
22,0.006190743506336722,0.0048853989262671775,0.33768400425089645
23,0.005980000609689109,0.004842457256142266,0.33618066241072536
24,0.006844528879672198,0.0048014368456435405,0.3345018917918254
25,0.005171979385599536,0.004774752375102525,0.3319040300601213
26,0.0074295143374414315,0.0047498396833130195,0.3316013991398649
27,0.008996369685206559,0.004724938271056696,0.3309782111680497
28,0.009415732425792536,0.004703578484016533,0.33059211320330634
29,0.008765308700006238,0.00467493995121301,0.33145266014445607
30,0.008737073368490254,0.004646379601844496,0.33532897934352507
31,0.009041378412237766,0.004625100355261688,0.33905216577495395
32,0.009716065578403023,0.004599823330379318,0.34031393620140155
33,0.01135201127637891,0.004580525851416593,0.3435242192939623
34,0.010355611342589227,0.00457009521956195,0.34414769028354497
35,0.010238126628761429,0.00455794138349415,0.3446085748320074
36,0.012321411316171496,0.0045433747788946,0.34505488189737576
37,0.009878322403946595,0.004529697444191332,0.3462526409641082
38,0.009345986442453129,0.004511556768458086,0.34688928636566696
39,0.007793026621904629,0.004488829079889523,0.34796464031018765
40,0.009951358003179516,0.004484706116658723,0.3516843315253927
41,0.00915049760028241,0.004477120934908792,0.35205495084252775
42,0.008738213577655052,0.004462979719850621,0.3528200177998434
43,0.010421319897373209,0.0044398044452786285,0.35474830713259503
44,0.01091319679875497,0.004412141492742618,0.35711167020017615
45,0.013012529339900597,0.004399308325920259,0.3595326553918594
46,0.012191420738246686,0.004379521570562751,0.3611365002080527
47,0.014276284593320008,0.0043575835463126435,0.36500316517341974
48,0.012893035576801829,0.004355582407711948,0.3649096741580514
49,0.013305642870816314,0.004351788709883389,0.3651465907013457
50,0.01596132225979371,0.0043447619849972165,0.36565901895373143
51,0.01596132225979371,0.004331909978071203,0.36735782853681653
52,0.014702201891508608,0.004311447691422421,0.3709904321294796
53,0.016184962268284815,0.004306928576912663,0.37298613046732726
54,0.016907309042446386,0.004299253430415622,0.372666736635525
55,0.015748022624588152,0.004285101051716551,0.3738824725030602
56,0.015091452207884189,0.0042752943266996055,0.3768062751978127
57,0.017630781520030784,0.004262946276397604,0.3775722568759115
58,0.018070577186494054,0.0042464336287301755,0.3798470383383972
59,0.0167594693945312,0.004237818317341373,0.3815368212368237
60,0.01908668309704593,0.0042262574145874735,0.38118673494872823
61,0.01837619796834238,0.004213557760538189,0.38064987931171756
62,0.01974877516328265,0.0042072305340973715,0.3797089299448196
63,0.01974877516328265,0.00420207528076716,0.37832240985923316
64,0.01974877516328265,0.00419896624650015,0.3781941007325112
65,0.018361374290151635,0.004196711385616029,0.37825220940019616
66,0.018361374290151635,0.004192988295909011,0.3785862032562116
67,0.015389459527220178,0.004176098752387238,0.3808169898443593
68,0.015811387309436622,0.004173855276403583,0.3813363164722904
69,0.014885497588755429,0.004170026229519154,0.38198258039807986
70,0.01487806178686509,0.004163595320645279,0.38309966570247295
71,0.015879921797750163,0.0041540527532386365,0.3851535794502764
72,0.017932554754328596,0.004145036399543877,0.38858285368114076
73,0.015565812914093457,0.004137342887106992,0.3921695613723186
74,0.016582279131845044,0.004128693520424207,0.3935446461375351
75,0.01799444797532681,0.004120926088775556,0.3919237737583777
76,0.01729190795103482,0.004115298847109899,0.39310486871342387
77,0.018105500338548308,0.004110924093522468,0.39418764291764913
78,0.019760575007575484,0.004108174334679688,0.39542024669418324
79,0.019760575007575484,0.004106274478120468,0.39587158139423473
80,0.019760575007575484,0.004104825484493176,0.39631835122409004
81,0.019760575007575484,0.00410351717485878,0.3966939378320108
82,0.022085849172844136,0.004102844861930369,0.3971969683458912
83,0.022085849172844136,0.00410214080086412,0.39805667735716793
84,0.02362431375472893,0.004101438201694826,0.39940678643700117
85,0.02362431375472893,0.004100303601403249,0.4020221334000826
86,0.02444738744827382,0.004088127772887856,0.42145772196534337
87,0.02444738744827382,0.004087647070112127,0.422773565296204
88,0.02444738744827382,0.004083121626448833,0.4250585763746505
89,0.02572053301764306,0.004075338999975466,0.4283444900172522
90,0.02572053301764306,0.004062594688523449,0.43079405112865293
91,0.02572053301764306,0.004044438309724797,0.43395527178210336
92,0.025787081709004834,0.00403282461267655,0.4353662904498919
93,0.024550476692628467,0.004026542691698982,0.4383620973579186
94,0.022971261115747505,0.004020489802661486,0.4380991723469809
95,0.018299556636754092,0.004014364581403793,0.43773228043707607
96,0.018299556636754092,0.004011245023125088,0.4379026161868256
97,0.022143017862390993,0.004005797520116921,0.43880365158536255
98,0.023312262292422933,0.00400201838862061,0.43962762285344903
99,0.0236658730080604,0.003998680218206478,0.4397891410034035
100,0.0236658730080604,0.0039946539876273965,0.43866259389782986
101,0.0236658730080604,0.003991003951600407,0.4383636631671372
102,0.0236658730080604,0.003987791023560797,0.436636485025618
103,0.026659059369180713,0.003985987623756537,0.43561085468676786
104,0.026659059369180713,0.0039831675860586176,0.4338276159950731
105,0.026769292011236442,0.0039807163658575236,0.4319006466203431
106,0.022522737111961712,0.003977528933509298,0.43276829875515344
107,0.023864873850695432,0.0039739688445604,0.4336434754666847
108,0.023864873850695432,0.0039719092685569345,0.4350856728515299
109,0.023864873850695432,0.0039709053558458504,0.43597571845297284
110,0.021396920446839825,0.003969719280999093,0.4368058785132704
111,0.025426161858894243,0.0039687393226651565,0.43700030154359987
112,0.025426161858894243,0.003967660857183832,0.4368076538299321
113,0.026734313941112853,0.0039663656217734395,0.4367777577942461
114,0.02772244161983865,0.003945484910750179,0.43906827324900094
115,0.02772244161983865,0.003945236339009397,0.4391490078662111
116,0.02437662282665956,0.003935338470771649,0.4400937914280324
117,0.020859226898233444,0.00391897008413363,0.44182177085054286
118,0.02394145039842741,0.003896236936582602,0.4448164245821974
119,0.025503264779875863,0.0038750454152746824,0.45056752707730485
120,0.029187344235820364,0.0038634943506494213,0.4571212501804606
121,0.026837929729417714,0.0038525246684112456,0.4593289956972292
122,0.027942375587998655,0.003844210553938066,0.46095546234559903
123,0.02642888305781461,0.0038363917785724654,0.463011451030108
124,0.025829817115670617,0.0038295335458433605,0.46433928776733013
125,0.027036698946256897,0.0038232752578889542,0.4640339615564438
126,0.027036698946256897,0.0038157673580910194,0.4636524409777861
127,0.028336847534747675,0.003813196887699726,0.46384429141193556
128,0.027036698946256897,0.003809412281041052,0.46264718958947404
129,0.027036698946256897,0.0038048924812510623,0.462044523578554
130,0.029777389735513655,0.003802887011220041,0.4606228809502296
131,0.027036698946256897,0.00380167735675444,0.46017423039108474
132,0.027036698946256897,0.0038007860048221223,0.4597158740128127
133,0.027036698946256897,0.003800133182383552,0.45956159916969336
134,0.027036698946256897,0.003799616315008187,0.45938111144303156
135,0.027036698946256897,0.003799081875541292,0.45942246615015425
136,0.028336847534747675,0.003798433953846484,0.4598390478891288
137,0.031177089438917418,0.0037979624111462223,0.4601627623215738
138,0.03224469216794441,0.003797349400107464,0.4608628073594531
139,0.03224469216794441,0.0037963976165013478,0.46133048555807443
140,0.029413907263432067,0.0037910865817449933,0.46307773998833446
141,0.029413907263432067,0.003790814968854395,0.46318407198423145
142,0.030215833417386203,0.003788449388183677,0.46323520460901757
143,0.030215833417386203,0.003784206279343967,0.4632293653378626
144,0.030215833417386203,0.0037765351741482632,0.46312044786544404
145,0.03273725738738245,0.003747677923624447,0.4634282506935786
146,0.02894886685282308,0.003744164347725156,0.4635201220716274
147,0.02894886685282308,0.0037379654477468225,0.46319488987150814
148,0.03187612588272502,0.003727351672625096,0.4630493030904727
149,0.029307325615429987,0.003711483973291793,0.46394959390951895
150,0.03278891095730305,0.0037000368158897237,0.46749850015529676
151,0.03156086835204335,0.0036933451508224914,0.47037636181629583
152,0.03156086835204335,0.003685567325888952,0.47304661079329113
153,0.03156086835204335,0.003682080544933085,0.47443059767631707
154,0.03156086835204335,0.0036783466783276335,0.4750244397769594
155,0.03156086835204335,0.0036755183576731394,0.47492406215926364
156,0.033058030677604364,0.0036724972661064817,0.47489389807668786
157,0.0361237006884666,0.0036703523071635086,0.47509926575442624
158,0.037626634366194636,0.0036686870283609424,0.4756353491757202
159,0.037626634366194636,0.0036671459233920435,0.47578691972295467
160,0.037626634366194636,0.003666044587527561,0.4756703242262282
161,0.037626634366194636,0.0036651731561147243,0.47499959877641756
162,0.037626634366194636,0.003664610537433661,0.4744293121581335
163,0.0361237006884666,0.0036641837493113488,0.4738711509702779
164,0.0361237006884666,0.0036637597691402076,0.47351508363459366
165,0.0361237006884666,0.0036631233694108313,0.47299446373518705
166,0.033092119967606595,0.003662043377276626,0.47258713560915966
167,0.02987133034990019,0.0036577006617345195,0.4712094324399348
168,0.02987133034990019,0.0036574975390012833,0.47113654755026735
169,0.02987133034990019,0.003655714027582657,0.471225989853871
170,0.030527473713892604,0.0036526352369394017,0.4716117494098819
171,0.03188923542861118,0.003647866447614999,0.472345196431303
172,0.03482647487193997,0.0036434601014701685,0.47338014394789535
173,0.03522786698172797,0.0036407781234082145,0.4738294748970475
174,0.03522786698172797,0.0036268652631882762,0.4753500177340241
175,0.03522786698172797,0.0036259174737972733,0.475595999057392
176,0.033392757451728816,0.00361875324974484,0.47525873793189194
177,0.030985372928149613,0.003608593297990543,0.4752670933673531
178,0.033479258378319464,0.00359973231886283,0.47599613254246825
179,0.030522103695153294,0.0035909920436550447,0.4758191701051487
180,0.0378427214465478,0.0035825815685241796,0.47721663433407446
181,0.0378427214465478,0.0035800410299797274,0.4780638288878552
182,0.0378427214465478,0.003577117862890433,0.47860839680381684
183,0.0378427214465478,0.003574654044640387,0.4783087345386828
184,0.0378427214465478,0.0035730726707501846,0.4786562934103458
185,0.0378427214465478,0.0035721530536902434,0.47873396844928207
186,0.041131020407475447,0.003571335232434212,0.4787791240245271
187,0.041131020407475447,0.0035705909921387433,0.4792799587493956
188,0.041131020407475447,0.0035700163385846734,0.4797138732300721
189,0.041131020407475447,0.0035693891568418885,0.48060397147890194
190,0.041131020407475447,0.003568900732486978,0.48150826651837314
191,0.041131020407475447,0.003568390162296375,0.4823277650064986
192,0.04382033687861843,0.0035674847094705055,0.48360465654698415
193,0.042205487401527665,0.0035607284407884444,0.4896722918684865
194,0.04528548378952276,0.0035604444975180934,0.49018692516881374
195,0.0430041292979539,0.0035578865093646187,0.4907211429157763
196,0.0430041292979539,0.003553094147447833,0.4916881006725215
197,0.05032322200135456,0.0035463646531051383,0.4931432801583197
198,0.04486796359992352,0.003538157514257546,0.4924399006226669
199,0.04484113658531765,0.0035299173465895045,0.4925703693814485
200,0.03784659198284296,0.003522091799382089,0.4919907693270334
201,0.03784659198284296,0.003517398507881549,0.4933080406615673
202,0.03852186236667902,0.003510375251953284,0.49538417169307225
203,0.040049418057626435,0.0035042582312480195,0.4978959793202045
204,0.045509566536506826,0.003497530463743485,0.4997358929206482
205,0.04728313875259838,0.003490388610328641,0.5033691797589626
206,0.04277155323386877,0.003481163611355752,0.5080977854864621
207,0.04066823199248285,0.0034765779944335505,0.5128094546969335
208,0.04209927924588323,0.0034702522234757362,0.5106615658019812
209,0.043476071213242304,0.0034628098036495578,0.5089819603683139
210,0.04658642294894783,0.00345778444596307,0.5084915290459412
211,0.04658642294894783,0.003453776356190357,0.5092318947219935
212,0.04882332414683403,0.003451327752356587,0.5090919620831369
213,0.042249142089530005,0.00344920983699081,0.5089897806909763
214,0.042249142089530005,0.0034477223817367996,0.5086926696489811
215,0.04122266100391322,0.0034464760132508674,0.5086010121367479
216,0.04122266100391322,0.0034450125221883333,0.5087038548171863
217,0.04122266100391322,0.003442727769641515,0.5088761120587852
218,0.044118782942681234,0.003436659878535949,0.509223616384555
219,0.044118782942681234,0.0034360013575602537,0.5092984587409546
220,0.044118782942681234,0.0034347643181618782,0.5093514387176368
221,0.044118782942681234,0.003432448708122228,0.5092733481599413
222,0.044118782942681234,0.0034283081903194595,0.5090935601180476
223,0.044118782942681234,0.003421783824250738,0.5085962468826599
224,0.04122266100391322,0.003415030352113364,0.5078905039884981
225,0.03798257801855365,0.0034115101354700067,0.5075711024964503
226,0.04119333061146528,0.0034059493187352497,0.5078682520591044
227,0.04199121399311945,0.0033997572563272123,0.5083243182104621
228,0.04119333061146528,0.0033955560168004856,0.509729141911843
229,0.04199121399311945,0.0033897561038847652,0.5112752133850473
230,0.04036374946624626,0.0033821504786441616,0.5123946920746268
231,0.04303012724209504,0.0033708540123456774,0.5157796963389005
232,0.04303012724209504,0.003365804571022447,0.5166076879689485
233,0.04303012724209504,0.0033581054265063724,0.5161437729427999
234,0.04471007006093591,0.00334809112552842,0.51742909507136
235,0.04830599767154235,0.003343342290357887,0.5197364395037254
236,0.04830599767154235,0.0033405422736972504,0.5217963146060112
237,0.04471007006093591,0.0033383731904554743,0.5241064016121569
238,0.04471007006093591,0.003337015425192854,0.5257356730012211
239,0.04471007006093591,0.0033357786351068354,0.5273321014924689
240,0.04471007006093591,0.003334715372269646,0.5283166700401439
241,0.04822698186432391,0.0033339372723020532,0.5291995901495898
242,0.04822698186432391,0.003333204530839575,0.5298396195746811
243,0.04822698186432391,0.003332625622705514,0.5309293998637644
244,0.04822698186432391,0.0033321025951992375,0.5318079959899868
245,0.04822698186432391,0.003331644934768098,0.5327764406926486
246,0.04822698186432391,0.0033311750948252076,0.5334726945441207
247,0.04822698186432391,0.00333065788243843,0.5340703121306758
248,0.04822698186432391,0.003330013939654902,0.5348552354414603
249,0.04822698186432391,0.0033289804426177637,0.5360544101816929
250,0.04902019089976702,0.0033273045290131468,0.5379241505609106
251,0.04902019089976702,0.0033262480512082325,0.5388699336390398
252,0.051021227481080705,0.0033245203710775763,0.5384978391940989
253,0.05438033467542836,0.003321765183916001,0.5386832574539909
254,0.052339044297250406,0.003318382411207343,0.5374066667127118
255,0.052339044297250406,0.0033164840482673434,0.5373632221166342
256,0.052339044297250406,0.003313550365730725,0.536246428766267
257,0.05001380699913461,0.0033079254656570496,0.5343531069538845
258,0.04776997006991413,0.003304615730782027,0.5329626722029773
259,0.04776997006991413,0.0032999525129474285,0.5300603373369311
260,0.04728808033568938,0.0032934408102835277,0.5289371499973544
261,0.05572872052963312,0.003285247173601709,0.5269743920149002
262,0.05818847379701479,0.0032771425330397593,0.5275308086685817
263,0.056282769920359944,0.0032714951962781865,0.5309823915766211
264,0.06019468502141705,0.0032690024169904114,0.5336204371767216
265,0.06019468502141705,0.003265907887797835,0.5350348752859313
266,0.05805798931008171,0.003261011354559203,0.538557976163496
267,0.05568711785338134,0.003251571903796528,0.5454190652093939
268,0.05568711785338134,0.00324937583788383,0.5476364570681457
269,0.05182247564740989,0.0032457530057886405,0.5496344185536653
270,0.050396153685328265,0.003240087414114458,0.551447310114557
271,0.055974084943033506,0.003234031498766028,0.5537134657018814
272,0.054238206202363644,0.0032309880296644564,0.5527753945920617
273,0.058081897706650835,0.0032274130566553585,0.5516816905349237
274,0.058081897706650835,0.003222027728109877,0.5492828569143605
275,0.05349345495457674,0.0032180877318715,0.5472920304974572
276,0.05349345495457674,0.0032137955555878793,0.5461046232128712
277,0.05028279894651614,0.0032088834324557635,0.5464678711514419
278,0.05028279894651614,0.0032047248041121618,0.5489842238886405
279,0.05028279894651614,0.003198607912478762,0.5504590955416664
280,0.05028279894651614,0.003193438425897474,0.5513348896633858
281,0.05349345495457674,0.0031889941977283134,0.5540083570147273
282,0.05349345495457674,0.003182840440669782,0.5546509797091125
283,0.05740159322317571,0.003173408967464018,0.5569362004301751
284,0.057724684449455145,0.0031656192182083066,0.5607839553231674
285,0.057724684449455145,0.0031603555028717374,0.5648651468689884
286,0.057724684449455145,0.003153502116926542,0.5673600757151671
287,0.057724684449455145,0.00314782774610247,0.572970655184669
288,0.057724684449455145,0.003144262459632463,0.5743508038311945
289,0.05985561491674353,0.003141597232224666,0.5757931840541838
290,0.05985561491674353,0.0031394047963304254,0.5772429628015192
291,0.05985561491674353,0.0031376598720643523,0.5778782491355227
292,0.06308537267234123,0.0031357760883204437,0.5800974044776374
293,0.05897691146937475,0.0031345183655996744,0.5805112349061683
294,0.05897691146937475,0.003133341916438633,0.5803492652608809
295,0.05897691146937475,0.0031322662141600945,0.5793386145356552
296,0.06258156334309134,0.003131584263413251,0.5792367937593412
297,0.06258156334309134,0.0031309001253117925,0.5788346441884932
298,0.06258156334309134,0.003130186728870017,0.5782334724142161
299,0.06258156334309134,0.003129582673785857,0.5773260594445278
300,0.06258156334309134,0.003129078603898614,0.5768384209439019
301,0.06258156334309134,0.0031286428943738047,0.576531739622649
302,0.06258156334309134,0.0031281440436492025,0.5762025464561946
303,0.06258156334309134,0.0031275242510825176,0.5762668882575369
304,0.06258156334309134,0.0031268790357073845,0.5757737534902557
305,0.06258156334309134,0.003126035064047289,0.5745884758861451
306,0.0663493350176865,0.003116066526137475,0.5673826069908398
307,0.058636612599704895,0.003115823616179081,0.5668552543053406
308,0.06263696250272478,0.003113682793685247,0.5665097115531295
309,0.06263696250272478,0.003109751751847909,0.5662363215065755
310,0.05897691146937475,0.003102967612244206,0.56641664995108
311,0.05506047612068712,0.0030938025062566153,0.567500325826058
312,0.058546844799814125,0.0030893977054067163,0.5705322827710685
313,0.058546844799814125,0.0030853385349938174,0.5723515370247895
314,0.056629930472462404,0.0030781789215127368,0.5766637295898205
315,0.05862962098765848,0.0030742870686994,0.5796298047032492
316,0.05862962098765848,0.0030682244237598593,0.5830857527581744
317,0.05915759310142241,0.0030602376618823314,0.5863867133485989
318,0.05915759310142241,0.003057130087905222,0.5911730722664443
319,0.05915759310142241,0.003052441766964766,0.5923857254757435
320,0.059724599681825315,0.0030481994089141427,0.5897370693312602
321,0.06321745379301272,0.0030454390607009005,0.592643150587905
322,0.06523932449990996,0.0030431310598947776,0.5937324326457907
323,0.06956259486319723,0.0030417124283494772,0.596134644318727
324,0.06956259486319723,0.0030408218603356473,0.5973901384092993
325,0.06956259486319723,0.0030401336900946255,0.5987419072919519
326,0.06956259486319723,0.0030397955428921766,0.5994085499397058
327,0.06956259486319723,0.0030395250850697593,0.5998591827075694
328,0.06956259486319723,0.0030393094649647516,0.6002907335487471
329,0.06956259486319723,0.0030391203946766774,0.600758402193411
330,0.06956259486319723,0.003038921421682598,0.6013199525607175
331,0.06956259486319723,0.0030387741567495193,0.6021112705641293
332,0.06523932449990996,0.0030386574521323946,0.6028070183024814
333,0.06523932449990996,0.0030385259338204136,0.6038454971046513
334,0.06523932449990996,0.003038398078400523,0.6051346933810592
335,0.06523932449990996,0.003038270018236687,0.6066459435255095
336,0.061556978679877784,0.0030381124138838893,0.6084804204581858
337,0.061556978679877784,0.0030379392932375717,0.6108551942818933
338,0.061556978679877784,0.0030377749506943614,0.6133315136675493
339,0.061556978679877784,0.0030376204261718205,0.6155807976683257
340,0.061556978679877784,0.0030374691578070796,0.6178558252090122
341,0.061556978679877784,0.0030372964659978277,0.6202481695911773
342,0.061556978679877784,0.003037089621193127,0.6232747179165169
343,0.061556978679877784,0.0030368329107448204,0.6272100300711874
344,0.061556978679877784,0.003036471268703564,0.6324163840745078
345,0.061556978679877784,0.0030358354250328594,0.6410880523983601
346,0.05837368621449928,0.003033892506211906,0.6643906126740227
347,0.05837368621449928,0.0030336108781018317,0.6660929497902675
348,0.05910829119542368,0.00303133940253218,0.6649568338315978
349,0.05910829119542368,0.003028276533922205,0.6660817954168108
350,0.06271267782681317,0.0030250609324793095,0.6594405725712214
351,0.06271267782681317,0.003021821105770295,0.6618002805617508
352,0.06271267782681317,0.0030179129313838192,0.6652917816561978
353,0.06271267782681317,0.0030164571300650227,0.6673873447473615
354,0.06601707157734404,0.0030149199806539903,0.6677694807737875
355,0.06601707157734404,0.0030139267391094196,0.6665187552535855
356,0.06601707157734404,0.003013325509097518,0.6663676946565839
357,0.06601707157734404,0.0030128724495518755,0.6659453524713052
358,0.06601707157734404,0.003012562303546349,0.6655454803244404
359,0.06601707157734404,0.0030122358330384913,0.6656185940102212
360,0.06601707157734404,0.003012016506450874,0.6655063243046526
361,0.06601707157734404,0.0030117974333752364,0.6654725897965745
362,0.06601707157734404,0.0030116119212078374,0.6655950742992559
363,0.06601707157734404,0.003011439476710578,0.6662159174644755
364,0.06601707157734404,0.003011271840285514,0.6673097062552021
365,0.06601707157734404,0.0030110514615650057,0.6691673969157474
366,0.06231204561522129,0.003010702228205349,0.672377479736155
367,0.07115566899240323,0.003005742980836276,0.6929379894171072
368,0.07115566899240323,0.003005683900850968,0.693486949603031
369,0.07115566899240323,0.0030051399956607444,0.6942298656696815
370,0.07115566899240323,0.0030041272311455637,0.6951710773850456
371,0.07115566899240323,0.0030022907977995026,0.696468871387797
372,0.07115566899240323,0.0029992184297964533,0.6980090193981995
373,0.07115566899240323,0.0029952036403804974,0.7008223915327695
374,0.07115566899240323,0.00299280099519465,0.6996969952444084
375,0.07511465027763331,0.0029899666574572476,0.7005381512417889
376,0.07109315784519442,0.0029869795983917054,0.697752722786545
377,0.07109315784519442,0.0029858879929360073,0.697002638347317
378,0.07109315784519442,0.002985174727059017,0.6962300801196766
379,0.07109315784519442,0.0029843146461816764,0.6957633473378411
380,0.07109315784519442,0.00298392709798119,0.6965951494323284
381,0.07109315784519442,0.002983619580027177,0.6965193538617279
382,0.07109315784519442,0.002983376585110002,0.6965551850426748
383,0.07109315784519442,0.0029832243131440376,0.6960794885927395
384,0.06671835605394975,0.002983115949590047,0.6956201993339782
385,0.06671835605394975,0.002983027213594461,0.6952768273937195
386,0.06671835605394975,0.0029829609746742326,0.6948777366375791
387,0.06671835605394975,0.0029829057850697706,0.6949548973933553
388,0.06671835605394975,0.002982861249468781,0.6949572557424906
389,0.06671835605394975,0.0029828271041827258,0.6951644438749324
390,0.06671835605394975,0.0029827981460904696,0.6953776232630898
391,0.06671835605394975,0.002982772460607312,0.695516998102847
392,0.06671835605394975,0.0029827469861935414,0.6956516394611316
393,0.06671835605394975,0.0029827229614073896,0.6957743621380793
394,0.06671835605394975,0.002982696437383758,0.6959507025839784
395,0.06671835605394975,0.00298266728447924,0.696141881163359
396,0.06671835605394975,0.0029826370950274974,0.6963124954595282
397,0.06671835605394975,0.002982607096815238,0.6965011603113355
398,0.06671835605394975,0.002982574126573093,0.6965541009295196
399,0.06671835605394975,0.0029825346165519317,0.69662373487958
400,0.06671835605394975,0.0029824903174367904,0.6965898592330256
401,0.06671835605394975,0.0029824528126212065,0.6965034887205651
402,0.06671835605394975,0.002982421526848497,0.6963603910670659
403,0.06671835605394975,0.002982391101035252,0.6961711835173144
404,0.06671835605394975,0.002982357959532132,0.6959115266103022
405,0.06671835605394975,0.0029823240257179093,0.6956613841549151
406,0.06671835605394975,0.0029822951656916165,0.6954332117915645
407,0.06671835605394975,0.002982267551847607,0.6953594533816058
408,0.06671835605394975,0.002982236103574802,0.6953068696106306
409,0.06671835605394975,0.002982197079456519,0.6953589387725952
410,0.06671835605394975,0.0029821554006152053,0.695375123506902
411,0.06671835605394975,0.0029821145586918485,0.6953714947722067
412,0.06671835605394975,0.0029820767574301205,0.6952274801135273
413,0.06671835605394975,0.002982046574286908,0.6950400230050545
414,0.06671835605394975,0.0029820253171994383,0.6947569526073839
415,0.06671835605394975,0.0029820064539626437,0.6946393829290556
416,0.06671835605394975,0.0029819916821116304,0.6945425477360525
417,0.06671835605394975,0.0029819815943058826,0.6944405400759934
418,0.06671835605394975,0.0029819693721286396,0.6942867044059872
419,0.06671835605394975,0.0029819573388877485,0.6941754307476911
420,0.06671835605394975,0.0029819433447200155,0.6940530626421235
421,0.06671835605394975,0.0029819261063369633,0.6940248037383895
422,0.06671835605394975,0.0029819064750626137,0.6940271945840072
423,0.06671835605394975,0.0029818859096074125,0.6941795831502846
424,0.06671835605394975,0.0029818630924499986,0.6943204602171704
425,0.06671835605394975,0.0029818331863461682,0.6945439457850453
426,0.06671835605394975,0.0029817923303197694,0.6946727935625329
427,0.06671835605394975,0.002981732814654198,0.6947714167862943
428,0.06671835605394975,0.0029816571894744613,0.6945254185660065
429,0.06671835605394975,0.0029815273995317825,0.6942559826257537
430,0.06671835605394975,0.0029809660603234535,0.6927619804598424
431,0.06671835605394975,0.002980745331385922,0.6921548342936403
432,0.06671835605394975,0.002980428175941936,0.6914773523459584
433,0.06671835605394975,0.0029798551438344656,0.6908241863431371
434,0.06339549814863325,0.002978786641237942,0.6900268251498656
435,0.06465300204149121,0.002976982265042018,0.6892326632934684
436,0.06465300204149121,0.0029742640121270926,0.6877249065580346
437,0.06465300204149121,0.0029713146209774115,0.6869262352134492
438,0.06465300204149121,0.0029672498379244242,0.687558729751115
439,0.06800807944790127,0.002959256814611618,0.6911298902743074
440,0.06800807944790127,0.002958164441675774,0.6918733687839587
441,0.06800807944790127,0.0029561297787017984,0.6923074291211211
442,0.06800807944790127,0.0029525181975146725,0.6932710413910869
443,0.06800807944790127,0.002947352317992298,0.6944842199053046
444,0.07193012317642558,0.0029453622482325617,0.6954513329192324
445,0.07193012317642558,0.0029429317910207205,0.6965591344563422
446,0.06800807944790127,0.002941366249869319,0.6968221796793709
447,0.06800807944790127,0.002939707846217884,0.6949798031838235
448,0.06800807944790127,0.002937893634092854,0.6956528249858029
449,0.06800807944790127,0.002936794845195611,0.695493015213203
450,0.06800807944790127,0.002936040450178812,0.695257975290875
451,0.06800807944790127,0.00293553294272012,0.694444215850019
452,0.06800807944790127,0.00293494781145294,0.6941739423615528
453,0.06800807944790127,0.0029346544364054865,0.6941719251621323
454,0.06800807944790127,0.002934484985075952,0.6941316758846382
455,0.06800807944790127,0.0029343055163657326,0.6943066869694432
456,0.06800807944790127,0.0029341232413871575,0.6943342470915912
457,0.06800807944790127,0.002933999133887864,0.6943679033979243
458,0.06800807944790127,0.0029338755798310637,0.6941658309986519
459,0.06800807944790127,0.0029337583134294454,0.6940049013551521
460,0.06800807944790127,0.002933666754533738,0.6937689167687027
461,0.06800807944790127,0.0029335584304626843,0.6935161176649731
462,0.06800807944790127,0.0029334692516080523,0.6932822252528579
463,0.06800807944790127,0.0029333979429468555,0.6929564581326497
464,0.06800807944790127,0.0029333361776652535,0.6926639871799033
465,0.06800807944790127,0.002933276076820759,0.6921465638165544
466,0.06800807944790127,0.0029332178577459915,0.6914961874937718
467,0.06800807944790127,0.0029331647548698167,0.6909265659851266
468,0.06800807944790127,0.002933116114352313,0.6902718982130661
469,0.06800807944790127,0.002933069041197535,0.6897953128046341
470,0.06800807944790127,0.0029330193575080924,0.6891980797406261
471,0.06800807944790127,0.0029329664581844994,0.6886101176455083
472,0.06800807944790127,0.0029329127924699917,0.6880217951156339
473,0.06800807944790127,0.002932862090023382,0.6874425334419583
474,0.06800807944790127,0.0029328122392053174,0.6869634683694736
475,0.06800807944790127,0.002932760109646095,0.6864759821649951
476,0.06800807944790127,0.0029326992689669078,0.6859011464463667
477,0.06800807944790127,0.002932638993338013,0.6852832132942691
478,0.06800807944790127,0.0029325904669531408,0.6847084369236749
479,0.06800807944790127,0.0029325568889337025,0.6842712885115321
480,0.06800807944790127,0.002932530293327263,0.6839402981704447
481,0.06800807944790127,0.002932505246398179,0.6834066199723942
482,0.06800807944790127,0.002932480942297198,0.6828365572955736
483,0.06800807944790127,0.0029324612378073627,0.6819421330731396
484,0.06800807944790127,0.002932443233025946,0.681166372039344
485,0.06800807944790127,0.0029324248030914955,0.6801109208086045
486,0.06800807944790127,0.002932406652156763,0.6791447299233025
487,0.06800807944790127,0.0029323911800215536,0.6782052274736293
488,0.06800807944790127,0.0029323785351685846,0.6776264909943948
489,0.06800807944790127,0.0029323681462914896,0.6772170693743272
490,0.06800807944790127,0.0029323594065327175,0.6770772138778055
491,0.06800807944790127,0.002932352386932225,0.6769122221775511
492,0.06800807944790127,0.0029323450002119193,0.676759698602614
493,0.06800807944790127,0.0029323362202503186,0.6763995262276418
494,0.06800807944790127,0.002932327226989642,0.6760594439411515
495,0.06800807944790127,0.0029323189414637357,0.6756908606508689
496,0.06800807944790127,0.002932311681569784,0.6755853846561227
497,0.06800807944790127,0.002932305304836662,0.6755118585674043
498,0.06800807944790127,0.002932299307950167,0.6756137634181825
499,0.06800807944790127,0.002932293377174448,0.6756308223475382
500,0.06800807944790127,0.002932287109510082,0.6755943834484766
501,0.06800807944790127,0.002932280310956945,0.6754183787195766
502,0.06800807944790127,0.0029322726886261913,0.6750846790097629
503,0.06800807944790127,0.0029322637727673775,0.6746823033170235
504,0.06800807944790127,0.0029322535068143944,0.6740946428551048
505,0.06800807944790127,0.002932242285780348,0.6735680035719444
506,0.06800807944790127,0.0029322299564007344,0.6728166098752544
507,0.06800807944790127,0.0029322147154464606,0.6721454085393411
508,0.06800807944790127,0.0029321949750519736,0.6709565603818379
509,0.06800807944790127,0.0029321700760332804,0.6700090278277226
510,0.06800807944790127,0.0029321456244633766,0.6684187860043506
511,0.06800807944790127,0.002932123038583627,0.6682394131365046
512,0.06800807944790127,0.0029321034119205013,0.6673565036527551
513,0.06800807944790127,0.0029320788250902534,0.666938004432264
514,0.06800807944790127,0.002932055353639773,0.6662920678024027
515,0.06800807944790127,0.0029320288956665858,0.6660044052471327
516,0.06800807944790127,0.002932004734847145,0.6649899409715944
517,0.06800807944790127,0.0029319880410701503,0.6651618232269237
518,0.06800807944790127,0.0029319664227383502,0.6642794726381938
519,0.06800807944790127,0.0029319461219160453,0.6635829421189786
520,0.06800807944790127,0.0029319220430425066,0.663540364203082
521,0.06800807944790127,0.002931897734838734,0.6628072815769984
522,0.06800807944790127,0.002931863501559623,0.6627597014961418
523,0.06800807944790127,0.0029318414404037934,0.6624430139747272
524,0.06800807944790127,0.0029318195506325517,0.6631143845376214
525,0.06424681127976811,0.0029318036824071436,0.6627639940640723
526,0.06424681127976811,0.0029317830302494166,0.6625853434607281
527,0.06800807944790127,0.00293175473727557,0.6627236865099724
528,0.06424681127976811,0.0029317202067973844,0.6623397674717533
529,0.06424681127976811,0.002931675822918505,0.6621141005510043
530,0.06424681127976811,0.002931618319415367,0.6616731837636755
531,0.06424681127976811,0.002931530360334328,0.6613306147560308
532,0.06424681127976811,0.0029314016210638394,0.6604650743954887
533,0.06424681127976811,0.0029311563372210556,0.6593754697332143
534,0.06424681127976811,0.002930721748873317,0.6576803640762907
535,0.06424681127976811,0.002930507145654028,0.6568515306181414
536,0.06424681127976811,0.0029303073936701647,0.655826175032755
537,0.06424681127976811,0.0029299340677533523,0.6552906422227399
538,0.06424681127976811,0.0029292290889062025,0.6552006434919837
539,0.06424681127976811,0.0029236876536117263,0.6490837043633236
540,0.06424681127976811,0.00291618734136847,0.6421336265119533
541,0.06019667397051163,0.0029131974506836082,0.639326132577819
542,0.06424681127976811,0.002908903930402069,0.6379312839268358
543,0.06383915105377358,0.002902917806768133,0.6342119785416789
544,0.06435253322480565,0.0028975199976434916,0.6327022557362034
545,0.06812090319818176,0.0028939406981163198,0.6336141114567149
546,0.06800807944790127,0.0028913405109826503,0.6359408576206091
547,0.06424681127976811,0.0028888440651521833,0.6357841850012046
548,0.06424681127976811,0.0028864455770259765,0.6376689687384777
549,0.060344286210647274,0.0028818444256518473,0.639082449440709
550,0.060344286210647274,0.002878738571763855,0.6400171117241356
551,0.060344286210647274,0.002874996852858467,0.6401339517632348
552,0.06031023983749475,0.0028715505758222866,0.6391232221259019
553,0.06031023983749475,0.0028691583222397728,0.6394044408451759
554,0.06031023983749475,0.0028653947604657124,0.6392979706581945
555,0.06031023983749475,0.0028603522964599647,0.6385242117552417
556,0.06379979853341604,0.0028579519706810174,0.6342176675010709
557,0.06031023983749475,0.0028558296251347402,0.6371443913083423
558,0.06439583245369974,0.0028541775411645084,0.6387258716715798
559,0.06439583245369974,0.002852808330842367,0.6386196869321651
560,0.06800807944790127,0.0028520546186542174,0.6368093943602665
561,0.06800807944790127,0.002851371936882795,0.6382785902818534
562,0.06800807944790127,0.002850975626608704,0.6390963820514276
563,0.06800807944790127,0.0028506346070401654,0.6401717251786816
564,0.06800807944790127,0.0028502829826833167,0.6403291824577243
565,0.06800807944790127,0.002850056626442416,0.6408067706131272
566,0.06800807944790127,0.0028498306727062976,0.6408160001864648
567,0.06800807944790127,0.0028496309309731156,0.6407245710718443
568,0.06800807944790127,0.002849460969468144,0.6406754254192227
569,0.06800807944790127,0.002849343911024003,0.6408431590469972
570,0.06800807944790127,0.002849221990221299,0.6409521173004947
571,0.06800807944790127,0.0028490963132023167,0.6420217094516192
572,0.06800807944790127,0.0028489835878973664,0.6433517374746124
573,0.06800807944790127,0.00284885135927963,0.6449005345321207
574,0.06800807944790127,0.002848702526053361,0.6471108293783189
575,0.06800807944790127,0.0028485847532040815,0.6489696776578251
576,0.06800807944790127,0.002848448719353101,0.6501334244124922
577,0.06800807944790127,0.0028482418428136405,0.6515144690818907
578,0.06424681127976811,0.002847854719420136,0.6551828220479157
579,0.06853463634932266,0.0028458473643663733,0.6695654924409986
580,0.06853463634932266,0.002845802451911264,0.6700125500328898
581,0.06853463634932266,0.0028453815024357338,0.670822233380597
582,0.07035775333996226,0.002844599763623085,0.6720347003003146
583,0.07035775333996226,0.0028432136852220165,0.6736508641243639
584,0.07035775333996226,0.0028410473312432457,0.6755796373199925
585,0.07035775333996226,0.0028388754241928235,0.6771715580608
586,0.07035775333996226,0.0028376699720856673,0.6789092175828173
587,0.06601321368221294,0.002836298403745493,0.677311896071465
588,0.07035775333996226,0.0028356134812712757,0.6792885709119397
589,0.07035775333996226,0.0028350520067766216,0.6783292244387952
590,0.06601321368221294,0.002834587611830049,0.6771099868062818
591,0.06982593726384743,0.0028341296043569073,0.677243261455555
592,0.06982593726384743,0.002833826775793323,0.6779432331102458
593,0.06982593726384743,0.0028336418834602247,0.6781737889383086
594,0.06982593726384743,0.0028335079175121312,0.6780171898714372
595,0.06982593726384743,0.002833378241679359,0.678038378890069
596,0.06982593726384743,0.0028332600855691505,0.6781229858211799
597,0.06982593726384743,0.0028331736899178737,0.6780564753909488
598,0.06982593726384743,0.002833073814848054,0.6783523739327743
599,0.06982593726384743,0.0028329551319543045,0.6781667668727233
600,0.06982593726384743,0.0028328134558181528,0.6782639573105994
601,0.06982593726384743,0.0028325871177306812,0.6780107277259739
602,0.07148673298307671,0.002827863330247976,0.6767750584687383
603,0.07148673298307671,0.0028278302625329753,0.676727573133193
604,0.07148673298307671,0.002826621215912688,0.6764325725455418
605,0.06762553587055614,0.002824552627046843,0.6764967343439732
606,0.06762553587055614,0.0028215934241196273,0.6771504663501405
607,0.06762553587055614,0.002819812636166005,0.6796434844310989
608,0.06762553587055614,0.0028185512868771885,0.6809877680087953
609,0.06762553587055614,0.002817474297291597,0.6825487116764155
610,0.06762553587055614,0.002816551484263001,0.6853490054549319
611,0.06762553587055614,0.0028160022269497014,0.6865693116454221
612,0.06746591184131095,0.0028154057967537446,0.6890134522134854
613,0.06746591184131095,0.0028149434857496383,0.6899299719703008
614,0.06746591184131095,0.0028146108388466184,0.6909238641147961
615,0.06746591184131095,0.0028142828400991972,0.6914118932707882
616,0.07132097653407957,0.0028139395910231767,0.692342077216632
617,0.07132097653407957,0.0028137320962022252,0.6934513015355546
618,0.07132097653407957,0.002813546535039034,0.69467506072101
619,0.07132097653407957,0.002813406318595396,0.6958325544933167
620,0.07132097653407957,0.0028132984576262725,0.6964238116994431
621,0.07132097653407957,0.0028132158652177295,0.6969739582223775
622,0.07132097653407957,0.0028131439363124895,0.6971198164342548
623,0.07132097653407957,0.002813075855385138,0.697641196804889
624,0.07132097653407957,0.0028130159738573982,0.6979571799409393
625,0.07132097653407957,0.00281297335541281,0.6982590525971727
626,0.07132097653407957,0.0028129459643924954,0.6985222897939196
627,0.07132097653407957,0.0028129242719480215,0.6986738386026514
628,0.07132097653407957,0.002812905444777952,0.6988399138535649
629,0.07132097653407957,0.0028128900369563297,0.6990076817271443
630,0.07132097653407957,0.0028128755957404802,0.6991408625190529
631,0.07132097653407957,0.0028128574230332215,0.6993881551873944
632,0.07132097653407957,0.0028128341671512795,0.6997134416322949
633,0.07132097653407957,0.0028128078794884175,0.7002277839709746
634,0.07132097653407957,0.002812784274543448,0.70079579229693
635,0.07132097653407957,0.002812765300587762,0.7013595105277525
636,0.07132097653407957,0.0028127491298904845,0.7019029403370777
637,0.07132097653407957,0.002812732040715514,0.7025377963647826
638,0.07132097653407957,0.002812713820825438,0.7033552198340436
639,0.07132097653407957,0.002812695090105309,0.7042561246637509
640,0.07132097653407957,0.002812676312151936,0.7051844237577604
641,0.07132097653407957,0.002812657303302921,0.7059772008587335
642,0.07132097653407957,0.002812637422843732,0.7068028219465188
643,0.07132097653407957,0.002812615600054235,0.7075192071602568
644,0.07132097653407957,0.0028125924008669087,0.7084386935701479
645,0.07132097653407957,0.002812567797231962,0.7092144976566075
646,0.07132097653407957,0.0028125434888510805,0.7102614696917893
647,0.07132097653407957,0.0028125213409451962,0.7109101735419145
648,0.07132097653407957,0.0028125032610921198,0.7120996120100519
649,0.07132097653407957,0.002812487046266024,0.7124454387254032
650,0.07132097653407957,0.002812471279808766,0.7134654167896919
651,0.07132097653407957,0.002812453297814028,0.7142675554917539
652,0.07132097653407957,0.0028124369693737225,0.7150711104447103
653,0.07132097653407957,0.00281242112028325,0.7158619144783345
654,0.07132097653407957,0.0028124077951181153,0.7165569192349522
655,0.07132097653407957,0.002812394997490611,0.7170914546076028
656,0.07132097653407957,0.0028123832645956352,0.7178915161250096
657,0.07132097653407957,0.002812371966376249,0.7181364174085135
658,0.07132097653407957,0.0028123610648206152,0.719387557495558
659,0.07132097653407957,0.002812350078444918,0.7197978252533063
660,0.07132097653407957,0.002812339203182255,0.7206193571648761
661,0.07132097653407957,0.00281232988378081,0.7212784822030098
662,0.07132097653407957,0.0028123191500770825,0.7222864800552048
663,0.07132097653407957,0.0028123082460331963,0.7229313712271539
664,0.07132097653407957,0.002812296478469853,0.7237575608420966
665,0.07132097653407957,0.0028122831781373977,0.7243467804989787
666,0.07132097653407957,0.002812270633289861,0.7254689955341282
667,0.07132097653407957,0.0028122609999201025,0.7257677789518467
668,0.07132097653407957,0.0028122524613588364,0.7272811336882263
669,0.07132097653407957,0.002812245214773639,0.7274558491527916
670,0.07132097653407957,0.0028122369387089505,0.7280233885576548
671,0.07132097653407957,0.0028122308223009,0.728823445328059
672,0.07132097653407957,0.0028122216764185724,0.730071462225379
673,0.07132097653407957,0.0028122113791624096,0.731572965514766
674,0.07132097653407957,0.002812200507340831,0.732972518138718
675,0.07132097653407957,0.002812185574562427,0.734501382879728
676,0.07132097653407957,0.0028121694432262628,0.7363190786757184
677,0.07132097653407957,0.0028121553789693587,0.7368947093313766
678,0.07132097653407957,0.0028121419861660566,0.7396236406838788
679,0.07132097653407957,0.0028121268433747818,0.7394124771299153
680,0.07132097653407957,0.002812106728167539,0.7406546798858387
681,0.07132097653407957,0.0028120936158879542,0.7424088668515059
682,0.07132097653407957,0.0028120741044018378,0.7453449321273733
683,0.07132097653407957,0.0028120537407707318,0.7484764216237887
684,0.07132097653407957,0.0028120356119293983,0.7507810710675203
685,0.07132097653407957,0.002812020534390512,0.7542666309296376
686,0.07132097653407957,0.0028120104108081065,0.7546671892299921
687,0.07132097653407957,0.002811996169790152,0.7557849387348062
688,0.07132097653407957,0.0028119811975887,0.7572500392141116
689,0.07132097653407957,0.0028119699886300217,0.7578440117283977
690,0.07132097653407957,0.0028119578934167424,0.7589438124034528
691,0.07132097653407957,0.002811945461439555,0.7615349807192017
692,0.07132097653407957,0.0028119360008716306,0.7621217714491194
693,0.07132097653407957,0.002811927983184617,0.7637350147007173
694,0.07132097653407957,0.00281191873109912,0.7641971456288545
695,0.07132097653407957,0.0028119093782610232,0.7655418308185041
696,0.07132097653407957,0.002811899075671853,0.7659086007848372
697,0.07132097653407957,0.002811886914588375,0.7675237360504881
698,0.07132097653407957,0.0028118683686439803,0.7691216219782202
699,0.07583926901724725,0.002811842284065893,0.772551752571159
700,0.07583926901724725,0.002811811483766527,0.7741963217398911
701,0.07583926901724725,0.002811788141680416,0.7801834909505627
702,0.07583926901724725,0.00281174805298629,0.7802576661378086
703,0.07583926901724725,0.0028116775405837686,0.7826147309158181
704,0.07583926901724725,0.002811542612271293,0.7883408873784359
705,0.07583926901724725,0.0028112966205622496,0.7985450528617396
706,0.07583926901724725,0.002811039097229417,0.8092215313357971
707,0.07583926901724725,0.002810920279495584,0.8123951210227079
708,0.07583926901724725,0.002810692430770024,0.8138138967752113
709,0.07583926901724725,0.0028102542002767547,0.8154390616242017
710,0.07881984725956494,0.0028094451742557433,0.8170010565785578
711,0.07881984725956494,0.0028081124147352303,0.8204535852367645
712,0.07881984725956494,0.0028060692742535045,0.8223468095572161
713,0.08296298106055032,0.0027995985604316,0.8369529223800878
714,0.08296298106055032,0.0027988172729658915,0.8381206718228431
715,0.08296298106055032,0.0027922231773372537,0.8371563188262257
716,0.08296298106055032,0.002785079979851033,0.8403313762419359
717,0.07881984725956494,0.002776913489310281,0.8384051944430916
718,0.07881984725956494,0.0027728100407898863,0.8346628709428284
719,0.07881984725956494,0.0027681367697389597,0.8377900650297201
720,0.07981238394430516,0.0027654550991814846,0.8390123942356089
721,0.07981238394430516,0.0027616846694805074,0.838989267899252
722,0.07981238394430516,0.0027584469108174444,0.8398603796926506
723,0.07981238394430516,0.0027559443276449617,0.8402916923056574
724,0.07981238394430516,0.0027537447187066895,0.8430276910189631
725,0.07981238394430516,0.002752698414484953,0.8419306987536357
726,0.07981238394430516,0.002751255428207133,0.8423192723848781
727,0.07981238394430516,0.002749673288312471,0.8434020758713141
728,0.08398585202841502,0.0027484672749085574,0.8440981794081113
729,0.07981238394430516,0.0027474348093110756,0.8469667014795516
730,0.07981238394430516,0.002746246432806885,0.8471618688267895
731,0.07981238394430516,0.002745354931361365,0.8457382456874136
732,0.07981238394430516,0.0027445842162490738,0.8463043306448046
733,0.07981238394430516,0.0027441812227992,0.8465570586018097
734,0.07981238394430516,0.0027437747425205906,0.8470335074457714
735,0.07981238394430516,0.0027435373306727824,0.8472602812717435
736,0.07981238394430516,0.002743215163460341,0.8463243380797659
737,0.07981238394430516,0.0027428552317568826,0.8468781230462576
738,0.07981238394430516,0.002742454735657799,0.846206572796159
739,0.07981238394430516,0.0027421295551103547,0.8471542641988321
740,0.07981238394430516,0.0027419183735530608,0.8488884548340433
741,0.07981238394430516,0.0027417095898423787,0.8484496022789066
742,0.07981238394430516,0.0027415515225275443,0.8486414252071507
743,0.07981238394430516,0.0027413925056252782,0.8484546180776873
744,0.07981238394430516,0.0027412530967816933,0.8490375354526253
745,0.07981238394430516,0.002741111126620004,0.8495727445551825
746,0.07981238394430516,0.0027409366052483872,0.85000850890359
747,0.07981238394430516,0.0027407870091642607,0.850790898647539
748,0.07981238394430516,0.002740664990593588,0.8512372834225276
749,0.07981238394430516,0.002740556676566,0.8512062964174618
750,0.07981238394430516,0.0027404799672761256,0.8518473620683075
751,0.07981238394430516,0.0027404145294043715,0.8516104548771659
752,0.07981238394430516,0.0027403451761057055,0.8512511032548028
753,0.07981238394430516,0.002740294574725954,0.8510118758830854
754,0.07981238394430516,0.0027402588702884006,0.8506789088899857
755,0.07981238394430516,0.0027402256849499906,0.8505124067315689
756,0.07981238394430516,0.0027401974354846295,0.8500387905456037
757,0.07981238394430516,0.0027401678566194923,0.8494664224133845
758,0.07981238394430516,0.0027401361321675163,0.8490648246993471
759,0.07981238394430516,0.0027400973765527655,0.8483045439337059
760,0.07981238394430516,0.00274006044776606,0.8478168764142701
761,0.07981238394430516,0.002740016534282761,0.8472616509283274
762,0.07981238394430516,0.00273996445218287,0.8468902415375211
763,0.07981238394430516,0.0027399097132514514,0.8465115925045408
764,0.07981238394430516,0.0027398430079458827,0.846063721369389
765,0.07981238394430516,0.0027397659787939703,0.8453258265770345
766,0.07981238394430516,0.002739688749269219,0.8444320812763715
767,0.07517834099167027,0.0027396091749267307,0.843232771195819
768,0.07517834099167027,0.002739528101346978,0.8420943044797459
769,0.07517834099167027,0.0027394753926830236,0.8411181310196225
770,0.07517834099167027,0.0027394009617791345,0.8407174305276466
771,0.07517834099167027,0.0027393156569210132,0.8393423193488557
772,0.07517834099167027,0.002739269352104392,0.8392990088691102
773,0.07981238394430516,0.0027392204717167244,0.8379210740345034
774,0.07981238394430516,0.0027391879805289585,0.8366126386624646
775,0.07981238394430516,0.0027391679438333516,0.8361533547366097
776,0.07981238394430516,0.0027391518802433014,0.8358637780934575
777,0.07981238394430516,0.0027391395471177385,0.8355192392357654
778,0.07981238394430516,0.0027391323602662045,0.8350883193668747
779,0.07981238394430516,0.0027391259130149057,0.8350092063179179
780,0.07981238394430516,0.0027391214233075142,0.8348679089201978
781,0.07981238394430516,0.0027391189618124322,0.8347795275063631
782,0.07981238394430516,0.0027391157235725303,0.8346205455671863
783,0.07981238394430516,0.0027391122469249893,0.8342640373253088
784,0.07981238394430516,0.00273911025171753,0.8341552591850089
785,0.07981238394430516,0.0027391076546935335,0.834007106290661
786,0.07981238394430516,0.0027391047754044967,0.8338108417285218
787,0.07981238394430516,0.0027391030371199106,0.8337529881903001
788,0.07981238394430516,0.0027391002362076454,0.833650225568582
789,0.07981238394430516,0.0027390962186812774,0.8334102983364998
790,0.07981238394430516,0.002739092842960667,0.8332378510885994
791,0.07981238394430516,0.002739089950566681,0.8330353108981474
792,0.07981238394430516,0.0027390862704791243,0.8330223785466
793,0.07981238394430516,0.0027390821215899155,0.8331019422940331
794,0.07981238394430516,0.002739077393138567,0.8333170702709696
795,0.07981238394430516,0.0027390723910675086,0.8335994575035391
796,0.07981238394430516,0.0027390673880278325,0.8338064991873102
797,0.07981238394430516,0.002739062281757532,0.8339719660850359
798,0.07981238394430516,0.0027390563333695803,0.8340790483396451
799,0.07981238394430516,0.0027390488905656664,0.8341268074722683
800,0.07981238394430516,0.0027390395263058457,0.8344042675361562
801,0.07981238394430516,0.002739029493610996,0.8345569349039464
802,0.07981238394430516,0.00273901901119469,0.8352917461036509
803,0.07981238394430516,0.0027390080254994526,0.8356786745127852
804,0.07981238394430516,0.0027389955273115552,0.8363996427756999
805,0.07981238394430516,0.002738985735186031,0.8368685242003295
806,0.07981238394430516,0.002738977119056908,0.8371474289905824
807,0.07981238394430516,0.0027389703172068934,0.8374342166912392
808,0.07981238394430516,0.002738963935982053,0.837372469495429
809,0.07981238394430516,0.0027389581140450816,0.8374981433540022
810,0.07981238394430516,0.0027389522714529606,0.8377452483898871
811,0.07981238394430516,0.002738945215988714,0.8380818552846094
812,0.07981238394430516,0.002738935179604156,0.838746313915516
813,0.07981238394430516,0.0027389248165421666,0.8390935039433731
814,0.07981238394430516,0.0027389204485475265,0.8395169716228084
815,0.07981238394430516,0.0027389140929766566,0.8397157719546934
816,0.07981238394430516,0.0027389063294093402,0.8394727277570836
817,0.07981238394430516,0.0027389004984044083,0.8395366400331388
818,0.07981238394430516,0.0027388940660765908,0.8392939488578283
819,0.07981238394430516,0.0027388887022883833,0.8391633659188357
820,0.07981238394430516,0.002738884157525618,0.8389642905713961
821,0.07981238394430516,0.002738879405342175,0.8392093245237806
822,0.07981238394430516,0.0027388732885159266,0.8393140888707926
823,0.07981238394430516,0.0027388657420328965,0.8396259817208018
824,0.07981238394430516,0.0027388550281175783,0.8398603765653013
825,0.07981238394430516,0.002738841938839457,0.8399848472077608
826,0.07981238394430516,0.0027388283746825597,0.8401849509137516
827,0.07981238394430516,0.0027388204142315973,0.8402908536529293
828,0.07981238394430516,0.002738809375849274,0.8401797693303454
829,0.07981238394430516,0.0027387940420403067,0.8404086066050745
830,0.07981238394430516,0.002738772647700176,0.8404820103053141
831,0.07981238394430516,0.0027387550601457407,0.8408195603985661
832,0.07981238394430516,0.002738733623096151,0.8407385543190605
833,0.07981238394430516,0.0027387085266813234,0.8407808471453648
834,0.07981238394430516,0.002738680695350036,0.8411573213038249
835,0.07981238394430516,0.0027386616978898257,0.8414880986874079
836,0.07981238394430516,0.002738643313436709,0.8416708154640473
837,0.07981238394430516,0.0027386246321902713,0.8423481707760384
838,0.07981238394430516,0.002738615459727633,0.8425001208755492
839,0.07981238394430516,0.0027386046225591474,0.842343066349729
840,0.08580194079167225,0.0027385932633108624,0.8428570313787757
841,0.08580194079167225,0.0027385846724981996,0.8428835059061149
842,0.08580194079167225,0.0027385771627712534,0.8430279864470939
843,0.08580194079167225,0.00273856934854502,0.8432833402740989
844,0.08580194079167225,0.0027385592243501407,0.8437311513269752
845,0.08580194079167225,0.0027385524013108877,0.8442550226973041
846,0.08580194079167225,0.002738545789564415,0.844817777837051
847,0.08580194079167225,0.0027385408018414936,0.8453080567986935
848,0.08580194079167225,0.0027385359299514763,0.8455729088920484
849,0.08580194079167225,0.0027385307564767878,0.8457214557695916
850,0.08580194079167225,0.002738525884415475,0.8457477366739576
851,0.08580194079167225,0.0027385222291187107,0.8459565950837216
852,0.08580194079167225,0.0027385186432902736,0.8460123010597659
853,0.08580194079167225,0.0027385143242170803,0.8461653982972781
854,0.08580194079167225,0.002738510392980734,0.8462239977462906
855,0.08580194079167225,0.0027385061759011135,0.8462956480380172
856,0.08580194079167225,0.0027385015507443186,0.8463513885948947
857,0.08580194079167225,0.0027384972093975318,0.8464651431605732
858,0.08580194079167225,0.0027384937398090468,0.8465274715313457
859,0.08580194079167225,0.0027384913316417215,0.8466056751153421
860,0.08580194079167225,0.00273848935832377,0.8467273731967676
861,0.08580194079167225,0.0027384871700699216,0.8469157702150136
862,0.08580194079167225,0.002738484741546941,0.8472306337808787
863,0.08580194079167225,0.002738482429262634,0.8476038036248922
864,0.08580194079167225,0.0027384798509936478,0.8480235632827028
865,0.08580194079167225,0.002738476707295193,0.8485434365091118
866,0.08580194079167225,0.002738472872617415,0.8490643435961629
867,0.08580194079167225,0.0027384682366790388,0.8496607559214107
868,0.08580194079167225,0.0027384624750283163,0.8503150616147825
869,0.08580194079167225,0.002738455638822623,0.8511727266366212
870,0.08580194079167225,0.0027384487064461807,0.8521216083828336
871,0.08580194079167225,0.002738442576939097,0.853070617145665
872,0.08580194079167225,0.0027384370852516363,0.8540168947903449
873,0.08580194079167225,0.002738431512118266,0.8550486925620875
874,0.08580194079167225,0.002738425287034836,0.8562235923712403
875,0.08580194079167225,0.0027384187464394713,0.8573337893290964
876,0.08580194079167225,0.002738413659097198,0.858677295623153
877,0.08580194079167225,0.0027384081420040664,0.8587227934585451
878,0.08580194079167225,0.002738403070749174,0.8596550005060429
879,0.08580194079167225,0.0027383966834413787,0.8595971721253014
880,0.08580194079167225,0.0027383915792534245,0.8605006097021335
881,0.08580194079167225,0.0027383862486150407,0.8609493332800763
882,0.08580194079167225,0.0027383818904133674,0.8618585730015419
883,0.08580194079167225,0.0027383794618760834,0.8619704252433615
884,0.08580194079167225,0.0027383763274880595,0.8624000446452044
885,0.08580194079167225,0.0027383733141586823,0.8624935216676698
886,0.08580194079167225,0.002738371162584356,0.8628354528323682
887,0.08580194079167225,0.0027383693882978774,0.8626808773557074
888,0.08580194079167225,0.002738367398164982,0.8633817349869725
889,0.08580194079167225,0.0027383655884779187,0.8637410018921423
890,0.08580194079167225,0.0027383635209267433,0.864198012139441
891,0.08580194079167225,0.00273836192372962,0.8647999121851531
892,0.08580194079167225,0.002738360430304762,0.8652896563350424
893,0.08580194079167225,0.0027383595040978833,0.8658413809539639
894,0.08580194079167225,0.0027383584812621315,0.8659506155165844
895,0.08580194079167225,0.002738357253875158,0.8662511441256036
896,0.08580194079167225,0.002738355508595121,0.8665029330948306
897,0.08580194079167225,0.002738353810971043,0.8668517471307394
898,0.08580194079167225,0.0027383521008846477,0.8670196263461297
899,0.08580194079167225,0.00273835000125041,0.8675754653495443
900,0.08580194079167225,0.0027383474542064567,0.8677540096659738
901,0.08580194079167225,0.0027383452583143553,0.8684948822499893
902,0.08580194079167225,0.002738342678450673,0.8684964263368457
903,0.08580194079167225,0.0027383404654306143,0.8689046570794584
904,0.08580194079167225,0.0027383380256531136,0.8692165174036104
905,0.08580194079167225,0.002738334400905338,0.8698532431994125
906,0.08580194079167225,0.00273832963980796,0.8707391124792903
907,0.08580194079167225,0.0027383247277762307,0.8715781873446472
908,0.08580194079167225,0.0027383223198950857,0.8723939406747471
909,0.08580194079167225,0.0027383185754447075,0.872671225069299
910,0.08580194079167225,0.0027383133075818476,0.8732796704631379
911,0.08580194079167225,0.0027383090157253567,0.8738098811833876
912,0.08580194079167225,0.0027383058175331487,0.8745121327974292
913,0.08580194079167225,0.0027383029887220506,0.8746655064650356
914,0.08580194079167225,0.002738301670826476,0.8756007232081728
915,0.08580194079167225,0.002738299534536054,0.8754455977150194
916,0.08580194079167225,0.002738296588325553,0.8754959093108537
917,0.08580194079167225,0.0027382934347076034,0.8756565100733079
918,0.08580194079167225,0.002738289302192808,0.8761881288422163
919,0.08580194079167225,0.0027382826088481736,0.8772544888140921
920,0.08580194079167225,0.002738274952632566,0.878676292519376
921,0.08580194079167225,0.0027382676179999134,0.8787578185063835
922,0.08580194079167225,0.0027382553479902328,0.879625302454439
923,0.08580194079167225,0.0027382370757201347,0.8809138867709936
924,0.08580194079167225,0.0027382132772318856,0.8817103761588286
925,0.08580194079167225,0.0027382014427267576,0.8828339630832
926,0.08580194079167225,0.0027381806936235295,0.8834811277980581
927,0.08580194079167225,0.0027381423641714303,0.8843223115500645
928,0.08580194079167225,0.0027380103552200976,0.8873161192027519
929,0.08580194079167225,0.0027379022820075444,0.8887700852351808
930,0.08580194079167225,0.0027377133423346655,0.8902582892064876
931,0.08580194079167225,0.002737481393122138,0.8915631570965586
932,0.08580194079167225,0.0027371837736979137,0.8911900427045374
933,0.08485715783738387,0.0027367516287333214,0.8922268208860041
934,0.08485715783738387,0.0027361236047162684,0.8926649054592103
935,0.08485715783738387,0.0027352547694507994,0.8940848716447919
936,0.08976770550143338,0.002734838125739844,0.8972550084076588
937,0.08976770550143338,0.0027342442845771694,0.8973484884877416
938,0.08976770550143338,0.002733761795481378,0.8984679826863976
939,0.08976770550143338,0.002733523785823062,0.8993958388503458
940,0.08976770550143338,0.002733338225741993,0.898916770139654
941,0.08976770550143338,0.002733095577173864,0.8997136898281725
942,0.08976770550143338,0.002732871642362127,0.9001109146804789
943,0.08976770550143338,0.0027326564399829853,0.9021948313995453
944,0.08976770550143338,0.0027324691901899458,0.9026119319368245
945,0.08976770550143338,0.002732313735834696,0.9033525703579943
946,0.08976770550143338,0.00273215052891228,0.9026382018813741
947,0.08976770550143338,0.0027320154294370584,0.9020397974318687
948,0.08976770550143338,0.0027318990112442797,0.9032981010540863
949,0.08976770550143338,0.00273182761491049,0.9036284164668749
950,0.08976770550143338,0.0027317495841223437,0.9036829925016924
951,0.08976770550143338,0.0027316976464928843,0.9034521763563356
952,0.08976770550143338,0.002731650700153311,0.903932045560791
953,0.08976770550143338,0.002731596352403743,0.9044485873750637
954,0.08976770550143338,0.0027315510228656894,0.9050760364822016
955,0.08976770550143338,0.0027315162399721873,0.9054203218125514
956,0.08976770550143338,0.0027314861618845587,0.9057872298660409
957,0.08976770550143338,0.0027314685317516595,0.9063158949442397
958,0.08976770550143338,0.0027314487475996537,0.9067864699999588
959,0.08976770550143338,0.0027314339653224016,0.9073234210414032
960,0.08976770550143338,0.002731420560548916,0.907999964083347
961,0.08976770550143338,0.0027314069882640357,0.9089339899007802
962,0.08976770550143338,0.002731397808375611,0.909145853457048
963,0.08976770550143338,0.0027313889820884387,0.9094220951650163
964,0.08976770550143338,0.0027313819958410305,0.9097495160968303
965,0.08976770550143338,0.0027313771478676323,0.9099689722853657
966,0.08976770550143338,0.0027313722818241514,0.9101300282995697
967,0.08976770550143338,0.0027313676468824193,0.9100498294346397
968,0.08976770550143338,0.00273136284627875,0.9100570742252265
969,0.08976770550143338,0.002731357415275431,0.9098916628091752
970,0.08976770550143338,0.002731349792511324,0.9097176888115489
971,0.08976770550143338,0.0027313403074850206,0.9093684191548864
972,0.08976770550143338,0.0027313305493077847,0.9090793603843705
973,0.08976770550143338,0.00273131775022328,0.9089514127431633
974,0.08976770550143338,0.002731301810098095,0.9090776189529618
975,0.08976770550143338,0.002731286524252407,0.9091758087826459
976,0.08976770550143338,0.002731271156181541,0.909248983931086
977,0.08362714397682729,0.002731258504224851,0.9091981028268925
978,0.08362714397682729,0.0027312481625046433,0.9088002824906123
979,0.08362714397682729,0.0027312375661556762,0.9084184500105611
980,0.08362714397682729,0.0027312255471604826,0.9078801551936045
981,0.08362714397682729,0.0027312156437504747,0.9073800288945805
982,0.08976770550143338,0.0027312053337897975,0.9070002986934056
983,0.08362714397682729,0.00273119544243245,0.9065817377799132
984,0.08362714397682729,0.0027311843454571956,0.9064645093438193
985,0.08362714397682729,0.002731172966566617,0.9062156041907807
986,0.08362714397682729,0.0027311639801484906,0.9059213346439915
987,0.08362714397682729,0.0027311568834256497,0.9056230737677343
988,0.08362714397682729,0.002731150621927363,0.9054734066214735
989,0.08362714397682729,0.0027311449988782883,0.9054791512086157
990,0.08362714397682729,0.002731139531284914,0.9057345539255602
991,0.08362714397682729,0.0027311345149268,0.9060757002405729
992,0.08362714397682729,0.002731129898286523,0.9067069503225136
993,0.08362714397682729,0.002731124797154613,0.9070034984224237
994,0.08362714397682729,0.0027311182163488683,0.9075728475902447
995,0.08362714397682729,0.002731111095214512,0.9082105265378739
996,0.08362714397682729,0.0027311047544165065,0.9090313085177203
997,0.08362714397682729,0.0027310986137918645,0.9097195329773063
998,0.08362714397682729,0.0027310924369188545,0.9104305936454561
999,0.08362714397682729,0.0027310861479466152,0.9109510555642804
1000,0.08362714397682729,0.002731080451168833,0.9112442124069839
1001,0.08362714397682729,0.0027310746117734344,0.9112547708588035
1002,0.08362714397682729,0.0027310697892070196,0.9113253566382815
1003,0.08362714397682729,0.0027310650027125463,0.9113967253653565
1004,0.08362714397682729,0.0027310602308402527,0.9117329768115738
1005,0.08362714397682729,0.002731056689530618,0.9119121313151842
1006,0.08362714397682729,0.0027310537432913744,0.9123625113604114
1007,0.08362714397682729,0.0027310511933674284,0.9123736446924563
1008,0.08362714397682729,0.002731048910981278,0.9127491283001348
1009,0.08362714397682729,0.0027310465071352457,0.9129014638331628
1010,0.08362714397682729,0.002731044367257419,0.9131892325941404
1011,0.08362714397682729,0.0027310422213022295,0.9132508790018591
1012,0.08362714397682729,0.0027310403402514556,0.9134599665614694
1013,0.08362714397682729,0.002731038590194354,0.9139300998128465
1014,0.08362714397682729,0.0027310369862483756,0.9142839754289043
1015,0.08362714397682729,0.0027310349135838013,0.9148204851503696
1016,0.08362714397682729,0.0027310335736679624,0.9151049309137508
1017,0.08362714397682729,0.0027310326969620683,0.9152861363514608
1018,0.08362714397682729,0.002731032140776715,0.9153841879653306
1019,0.08362714397682729,0.0027310317534729846,0.9153838698007508
1020,0.08362714397682729,0.0027310314505499303,0.9154874153846095
1021,0.08362714397682729,0.0027310311604575943,0.9155730401571438
1022,0.08362714397682729,0.0027310308350840594,0.9157922853462473
1023,0.08362714397682729,0.0027310304367444633,0.9159902455482816
1024,0.08362714397682729,0.0027310299207003105,0.9162677187367555
1025,0.08362714397682729,0.0027310291974676527,0.9165589244187109
1026,0.08362714397682729,0.002731028227892916,0.9169716797791467
1027,0.08362714397682729,0.002731027056274355,0.9173678994598284
1028,0.08362714397682729,0.0027310258399302198,0.9179381061810872
1029,0.08362714397682729,0.0027310246460384236,0.9182560170890395
1030,0.08362714397682729,0.0027310238588656947,0.9191226367612447
1031,0.08362714397682729,0.0027310226452517024,0.9191235315221349
1032,0.08362714397682729,0.0027310209091002476,0.9194127296730178
1033,0.08362714397682729,0.0027310191890246834,0.9199466191365933
1034,0.08362714397682729,0.002731017175442549,0.9210690955387101
1035,0.08362714397682729,0.0027310150552888445,0.9213972253485658
1036,0.08362714397682729,0.0027310121874103825,0.9223086375832307
1037,0.08362714397682729,0.002731010156015637,0.9224580630524611
1038,0.08362714397682729,0.002731007907437728,0.9234165884155259
1039,0.08362714397682729,0.0027310057868462204,0.9238573869160618
1040,0.08362714397682729,0.0027310033162306706,0.9246194518687205
1041,0.08362714397682729,0.002731001661736431,0.9255033653089387
1042,0.08362714397682729,0.002731000344001344,0.9268427945166572
1043,0.08362714397682729,0.002730998737533579,0.9268797661773324
1044,0.08362714397682729,0.0027309970321055446,0.9273807506166263
1045,0.08362714397682729,0.0027309947900423237,0.928341715917939
1046,0.08362714397682729,0.0027309927280354624,0.9294016348563591
1047,0.08362714397682729,0.0027309904438136807,0.9303296434699999
1048,0.08362714397682729,0.0027309881270554015,0.9310903989541599
1049,0.08362714397682729,0.002730986111646535,0.9320893378419662
1050,0.08362714397682729,0.0027309855761247356,0.9317360926730586
1051,0.08362714397682729,0.002730984618655524,0.9319430077627595
1052,0.08362714397682729,0.002730983082838074,0.9324222170088766
1053,0.08362714397682729,0.002730981620627798,0.9332781665894593
1054,0.08362714397682729,0.0027309807351045445,0.9332737909258121
1055,0.08362714397682729,0.0027309792349963793,0.9334736255442095
1056,0.08362714397682729,0.002730976735156757,0.9340906645109679
1057,0.08362714397682729,0.0027309729562541084,0.935239019679018
1058,0.08362714397682729,0.002730968506173741,0.9365669328280309
1059,0.08362714397682729,0.002730966137907192,0.937808638413111
1060,0.08362714397682729,0.002730962129147466,0.9383983175440401
1061,0.08362714397682729,0.0027309554215504683,0.9396340832112055
1062,0.08362714397682729,0.002730944557978662,0.9408926893528813
1063,0.08976770550143338,0.0027309369569003595,0.9428580280345173
1064,0.08976770550143338,0.0027309243610005463,0.9442709623537492
1065,0.08976770550143338,0.0027309020746403233,0.9459096899913022
1066,0.08976770550143338,0.0027308600275589047,0.9485380594756934
1067,0.08976770550143338,0.002730793778826156,0.952270982563842
1068,0.08485715783738387,0.0027307149477944614,0.9560617622681514
1069,0.08485715783738387,0.002730416131608046,0.9610834099919849
1070,0.08485715783738387,0.002730324291417825,0.9624461080998993
1071,0.08485715783738387,0.0027301566727203725,0.9631958628365145
1072,0.08749505200801437,0.0027298461015012754,0.9644406362973191
1073,0.08749505200801437,0.002729278759526774,0.9648960149124423
1074,0.08749505200801437,0.0027283495738305817,0.9673426551530677
1075,0.08749505200801437,0.002727169673447308,0.9673818553583333
1076,0.08749505200801437,0.0027260917662886106,0.9689027678426406
1077,0.08749505200801437,0.0027252983162832753,0.9656183738397559
1078,0.08749505200801437,0.002724321896964129,0.9663003594233713
1079,0.08749505200801437,0.0027240481860309035,0.9663586252995033
1080,0.08749505200801437,0.0027236260234603654,0.9658060616093233
1081,0.08749505200801437,0.0027231052444339904,0.9648942797288509
1082,0.08749505200801437,0.0027228588808219326,0.9648342803591636
1083,0.08749505200801437,0.0027226413365690275,0.964366565006008
1084,0.08749505200801437,0.0027224289171220795,0.9666633721482246
1085,0.08749505200801437,0.002722353397379268,0.965155867369767
1086,0.08749505200801437,0.0027222532441668725,0.9665473106604308
1087,0.08749505200801437,0.0027221645997365235,0.9669008187445906
1088,0.08749505200801437,0.0027221196819058728,0.9694028488806237
1089,0.08749505200801437,0.0027220480788354286,0.9694203749769107
1090,0.08749505200801437,0.0027219483375054486,0.9700874901013191
1091,0.08749505200801437,0.0027218475466775603,0.9702475934174887
1092,0.08749505200801437,0.0027217739405974387,0.9719699224830161
1093,0.09247300422282477,0.0027216932309982625,0.974194328331813
1094,0.09247300422282477,0.002721638575457916,0.9746495937495471
1095,0.09247300422282477,0.0027215928190095647,0.9746120565220201
1096,0.09247300422282477,0.0027215502066113124,0.9745050325097224
1097,0.09247300422282477,0.0027215251110250037,0.9746738269630976
1098,0.09247300422282477,0.0027215068135244347,0.9750579636087112
1099,0.08624020678325424,0.0027214945680934734,0.9751736027948088
1100,0.08624020678325424,0.002721484688093324,0.975295679282765
1101,0.08624020678325424,0.002721474944321643,0.9754064688681344
1102,0.08624020678325424,0.0027214629899683417,0.9755144680865693
1103,0.08624020678325424,0.0027214503679362837,0.9752691752060071
1104,0.08624020678325424,0.0027214359957202718,0.9752674068702676
1105,0.08624020678325424,0.0027214217477000303,0.9749696492278227
1106,0.08624020678325424,0.0027214060352092058,0.9748795744193443
1107,0.08624020678325424,0.002721387170832515,0.9744334247698011
1108,0.08624020678325424,0.0027213662964835125,0.9745375169185924
1109,0.08624020678325424,0.0027213449321804094,0.97422043656154
1110,0.08624020678325424,0.0027213255264479986,0.9743344752797887
1111,0.08624020678325424,0.002721303515940517,0.9746576149854839
1112,0.08624020678325424,0.00272128241645388,0.9751259611864311
1113,0.08624020678325424,0.0027212620465187787,0.9758049557567952
1114,0.08624020678325424,0.0027212457211677095,0.9765136244437992
1115,0.08624020678325424,0.0027212334805163524,0.9772718905763215
1116,0.08624020678325424,0.0027212203713738057,0.977914333533564
1117,0.08624020678325424,0.0027212059161505348,0.978429037604724
1118,0.08624020678325424,0.0027211929387703595,0.9790353267803419
1119,0.08624020678325424,0.0027211768958417836,0.9795314945118104
1120,0.08624020678325424,0.0027211659355038183,0.9799960149840394
1121,0.08624020678325424,0.002721157245934742,0.9806559683894059
1122,0.08624020678325424,0.0027211499168006306,0.9809870524024065
1123,0.08624020678325424,0.002721141729784542,0.9815374508123892
1124,0.08624020678325424,0.002721131971856578,0.9820366315995408
1125,0.08624020678325424,0.0027211235762804606,0.982519013075625
1126,0.08624020678325424,0.002721113838517934,0.9826249909868103
1127,0.08624020678325424,0.0027211026690268834,0.9832421608921421
1128,0.08624020678325424,0.0027210928083458022,0.9830582495923833
1129,0.08624020678325424,0.002721081434310486,0.9837866855345367
1130,0.08624020678325424,0.0027210689135723108,0.9840157547601136
1131,0.08624020678325424,0.0027210566949320797,0.9844440625117779
1132,0.08624020678325424,0.002721047164613109,0.9848602466428447
1133,0.08624020678325424,0.00272103565026953,0.9855187943445525
1134,0.08624020678325424,0.0027210255345387984,0.985825812591407
1135,0.08624020678325424,0.002721016067377289,0.9866376098241044
1136,0.08624020678325424,0.0027210041549888694,0.9866173436054155
1137,0.08624020678325424,0.0027209906127890235,0.987274615724117
1138,0.08624020678325424,0.002720975596592714,0.9880282909125312
1139,0.08624020678325424,0.0027209619700076914,0.9887682823070045
1140,0.08624020678325424,0.002720948697687744,0.9898438338504373
1141,0.08624020678325424,0.0027209380183866837,0.9896549501209326
1142,0.08624020678325424,0.0027209238799993417,0.9900489689468441
1143,0.08624020678325424,0.002720907924275296,0.9905928644961688
1144,0.08624020678325424,0.002720895315422361,0.9910291182520009
1145,0.08624020678325424,0.0027208808866127586,0.9911632396387309
1146,0.08624020678325424,0.0027208707392739314,0.9916500636017334
1147,0.08624020678325424,0.002720861610959,0.9916169572374208
1148,0.08624020678325424,0.0027208569751864813,0.991819525807815
1149,0.08624020678325424,0.002720851247790787,0.9916140794694961
1150,0.08624020678325424,0.002720846727027817,0.9916162305293099
1151,0.08624020678325424,0.00272084174115362,0.9916352010260288
1152,0.08624020678325424,0.0027208370123150668,0.9919410212397357
1153,0.08624020678325424,0.0027208331252807586,0.9922574883523343
1154,0.08624020678325424,0.002720829991548288,0.9923675833517621
1155,0.08624020678325424,0.0027208256655493006,0.9924494815176469
1156,0.08624020678325424,0.0027208216392223487,0.9922989270435285
1157,0.08624020678325424,0.002720817518638425,0.9923304856267724
1158,0.08624020678325424,0.0027208114882172874,0.9924351542980395
1159,0.08624020678325424,0.002720802770724011,0.9927929630373096
1160,0.08624020678325424,0.0027207895643267515,0.9936806096250826
1161,0.08624020678325424,0.0027207680390373065,0.9952208246738935
1162,0.08624020678325424,0.0027207329822072457,0.9977452487292076
1163,0.08624020678325424,0.002720682301554915,1.0018321993816983
1164,0.08624020678325424,0.002720607681706133,1.0057150246933386
1165,0.08624020678325424,0.002720515983892593,1.0116997284818179
1166,0.08624020678325424,0.002720345434372109,1.015652351847222
1167,0.09607499967396035,0.0027197203260982098,1.0306605276799372
1168,0.09607499967396035,0.0027194472305274954,1.0370492259595163
1169,0.09607499967396035,0.0027189776693279425,1.0424201723497248
1170,0.09607499967396035,0.002718327900919371,1.0485624396188136
1171,0.09607499967396035,0.0027173219986321704,1.05149046861628
1172,0.09607499967396035,0.002715521859210377,1.0530125139977282
1173,0.09607499967396035,0.002712613240074616,1.0585438896450188
1174,0.09607499967396035,0.002708258422476817,1.0617988740239777
1175,0.09607499967396035,0.0027051858228312473,1.0634415681303293
1176,0.09154345810110937,0.0027028232660652276,1.0690097829032423
1177,0.09154345810110937,0.0027003803134856784,1.0692999764110496
1178,0.09154345810110937,0.00269951939370785,1.069487635243739
1179,0.09154345810110937,0.0026981856010719566,1.0674065827668726
1180,0.09154345810110937,0.0026963162495835767,1.0678965892246546
1181,0.09154345810110937,0.002694877998966096,1.0678675147156254
1182,0.09154345810110937,0.0026941160262041555,1.068726955694189
1183,0.09154345810110937,0.0026935539349507306,1.0714602673474107
1184,0.09154345810110937,0.0026931375465435573,1.0715650563448504
1185,0.09154345810110937,0.0026927463290074317,1.0726508111875608
1186,0.09154345810110937,0.002692409243561574,1.0738935744140294
1187,0.08624020678325424,0.0026922625349967196,1.073503498188974
1188,0.08624020678325424,0.0026920636629207744,1.0740367909197712
1189,0.08624020678325424,0.0026918748700619473,1.0748836885409783
1190,0.08624020678325424,0.002691766415345421,1.0745107985457591
1191,0.08624020678325424,0.002691623222630456,1.0745746758505117
1192,0.08624020678325424,0.002691529403195742,1.0744713967367452
1193,0.08624020678325424,0.0026914602335655433,1.0741106611767715
1194,0.08624020678325424,0.0026913983342207915,1.074427752165087
1195,0.09247300422282477,0.0026913584145499382,1.0739853356508895
1196,0.09247300422282477,0.0026913073044382996,1.0742344329166063
1197,0.09247300422282477,0.002691262714888487,1.074690171294107
1198,0.09247300422282477,0.0026912272567404384,1.0751127919588561
1199,0.09247300422282477,0.00269119557223433,1.0748933273550159
1200,0.09247300422282477,0.0026911651364867075,1.075264901483721
1201,0.09247300422282477,0.0026911335336295638,1.0755598056341482
1202,0.09247300422282477,0.0026910979184070305,1.0757789168413316
1203,0.09247300422282477,0.0026910574425045735,1.0757906708019265
1204,0.09247300422282477,0.0026910186285320136,1.0761403991491152
1205,0.09247300422282477,0.002690978915879308,1.0764261574549885
1206,0.09247300422282477,0.002690944213690531,1.0771286773692081
1207,0.09247300422282477,0.0026909145895367163,1.077505174541225
1208,0.08624020678325424,0.0026908792940843165,1.0782715205799653
1209,0.08624020678325424,0.0026908355722385486,1.0790349419624419
1210,0.08624020678325424,0.0026907903040356727,1.0799882821275335
1211,0.08624020678325424,0.0026907427055559226,1.0809831084029395
1212,0.08624020678325424,0.0026906943456146606,1.0823592727385347
1213,0.08624020678325424,0.0026906437993891082,1.0830813569613529
1214,0.08624020678325424,0.00269059293987023,1.084423545271542
1215,0.08624020678325424,0.002690552019501024,1.085614883296259
1216,0.08624020678325424,0.0026905121606689533,1.0869026431486553
1217,0.08624020678325424,0.0026904740371420884,1.0879915159120361
1218,0.08624020678325424,0.0026904605271932417,1.089688188601646
1219,0.08624020678325424,0.002690437384280986,1.0894895541143073
1220,0.08624020678325424,0.0026904022607048992,1.089617225621561
1221,0.08624020678325424,0.002690369858170635,1.089974279862279
1222,0.08624020678325424,0.0026903438160231397,1.0908707426976136
1223,0.08624020678325424,0.0026903170292743375,1.0918569183122135
1224,0.0906440938295784,0.002690286306417647,1.0931189715503207
1225,0.08624020678325424,0.0026902688140187352,1.0932067145173165
1226,0.0906440938295784,0.002690248826781306,1.0939719689907192
1227,0.09705513050827003,0.0026902232651681538,1.0943365721538276
1228,0.09705513050827003,0.0026901966547040715,1.0951538509919267
1229,0.0906440938295784,0.0026901729159952586,1.0951346414309306
1230,0.09705513050827003,0.0026901442322268183,1.0964852377163308
1231,0.0906440938295784,0.002690102007455913,1.0972155134638688
1232,0.0906440938295784,0.002690032621021351,1.0987974641356444
1233,0.0906440938295784,0.0026898997184257546,1.1006853888966641
1234,0.0906440938295784,0.0026896480103835796,1.103758035403088
1235,0.0906440938295784,0.0026894681189396203,1.105593905002308
1236,0.0906440938295784,0.0026891965298383638,1.1084999994767315
1237,0.0906440938295784,0.002688998496432251,1.1095358239613187
1238,0.09506983889855122,0.0026886207873028857,1.1102747259371297
1239,0.09506983889855122,0.0026879116353578972,1.111158836892968
1240,0.09506983889855122,0.00268667824171583,1.1122537965152972
1241,0.09057816349830645,0.0026851808110827705,1.1133843985357772
1242,0.09057816349830645,0.0026832986226263665,1.1129816726477424
1243,0.09057816349830645,0.002681062067380123,1.1152040513355486
1244,0.09057816349830645,0.0026779379840804712,1.1144611592836469
1245,0.09601284553870505,0.002672718828461021,1.1142815499272187
1246,0.09601284553870505,0.0026652496624572017,1.11120263840555
1247,0.09601284553870505,0.0026600292762128173,1.1079139323743452
1248,0.08624020678325424,0.002658140505492934,1.1025892807413247
1249,0.08624020678325424,0.0026555175263118114,1.1041134839391626
1250,0.09601284553870505,0.0026550337503684885,1.1047139377479973
1251,0.09601284553870505,0.0026541846879624895,1.1053570207369166
1252,0.09601284553870505,0.002652941542014016,1.1053961772172058
1253,0.09601284553870505,0.0026522247398201425,1.1072209072641361
1254,0.09601284553870505,0.0026516372405688436,1.1071566627206095
1255,0.09601284553870505,0.002651231566913043,1.1071601357307028
1256,0.09601284553870505,0.002650883224760813,1.1067873410416023
1257,0.09601284553870505,0.0026505382905703395,1.1079376560291219
1258,0.09601284553870505,0.0026503809162094156,1.1086136317831579
1259,0.09601284553870505,0.0026502252721975813,1.1088469172108804
1260,0.09601284553870505,0.00265008958162056,1.108817905792542
1261,0.09601284553870505,0.0026500136423645293,1.109055447274028
1262,0.09601284553870505,0.002649923916463628,1.109416465875377
1263,0.09057816349830645,0.002649836428161641,1.1096381013855625
1264,0.09057816349830645,0.00264977750656651,1.1099901631520552
1265,0.09057816349830645,0.0026497195954565443,1.1101388028913277
1266,0.08624020678325424,0.002649664565589763,1.1099496257680797
1267,0.08624020678325424,0.002649631531740216,1.1098441153447154
1268,0.08624020678325424,0.0026495895131823785,1.1094640538858709
1269,0.08624020678325424,0.0026495341921893337,1.1086925027321621
1270,0.08624020678325424,0.002649489738576541,1.1075315642340071
1271,0.09057816349830645,0.0026494450059685475,1.10656453735785
1272,0.09057816349830645,0.0026494000522983845,1.1049047605987914
1273,0.10063217546547665,0.0026493691751830685,1.1039499993426802
1274,0.10063217546547665,0.002649338753135548,1.1035108771268645
1275,0.09607499967396035,0.002649304609791485,1.1027381079184302
1276,0.09607499967396035,0.002649283727821312,1.102130555404395
1277,0.09607499967396035,0.002649257876772042,1.1017304053980572
1278,0.09607499967396035,0.0026492272769661107,1.1011588958743412
1279,0.09607499967396035,0.0026491900532781263,1.1003229156266172
1280,0.09607499967396035,0.0026491460589485724,1.0993645797551792
1281,0.0906440938295784,0.0026490982352906484,1.0974713972850383
1282,0.0906440938295784,0.0026490628592336285,1.0957443892843597
1283,0.0906440938295784,0.0026490359070323547,1.0942764496371018
1284,0.0906440938295784,0.002649015764696836,1.0930896846360327
1285,0.0906440938295784,0.0026489991381976365,1.0925294049800178
1286,0.0906440938295784,0.0026489850018130623,1.0922653427999145
1287,0.0906440938295784,0.0026489713293140174,1.0920606754461988
1288,0.0906440938295784,0.0026489547130224365,1.0918473560893076
1289,0.0906440938295784,0.002648935671842417,1.0911748992819557
1290,0.0906440938295784,0.0026489172750350145,1.0906532905240154
1291,0.0906440938295784,0.0026488983391250395,1.0898304636254155
1292,0.0906440938295784,0.002648873014350743,1.0891815737784534
1293,0.0906440938295784,0.0026488358163110526,1.0890955779439826
1294,0.09705513050827003,0.002648795890561439,1.0877933806614555
1295,0.09705513050827003,0.002648759641644425,1.089357260086128
1296,0.09705513050827003,0.0026487213011547727,1.0892315618537636
1297,0.09247300422282477,0.00264867701750743,1.0888925501526714
1298,0.09247300422282477,0.0026486454414371636,1.089104467041932
1299,0.09247300422282477,0.002648609685890241,1.089603739216623
1300,0.09247300422282477,0.0026485772099113006,1.0893606331443095
1301,0.09247300422282477,0.0026485466369509936,1.0897828667017515
1302,0.09247300422282477,0.002648527465600844,1.0899422581460807
1303,0.09247300422282477,0.002648514013541249,1.0901136444596593
1304,0.09247300422282477,0.002648506530673992,1.0902050155443055
1305,0.09247300422282477,0.0026485003471362224,1.090097210641572
1306,0.09247300422282477,0.0026484953175086663,1.0901422026750915
1307,0.09247300422282477,0.002648490689026507,1.0899767692882447
1308,0.09247300422282477,0.0026484856784268784,1.090010178829711
1309,0.09247300422282477,0.0026484805222770484,1.0899169215105438
1310,0.09247300422282477,0.0026484746814615396,1.0899808442509593
1311,0.09247300422282477,0.002648467910071626,1.089979168492212
1312,0.09247300422282477,0.0026484606447494384,1.0900330118631403
1313,0.09247300422282477,0.002648453490277733,1.090069817731159
1314,0.09247300422282477,0.002648446648436862,1.090206037526939
1315,0.09247300422282477,0.0026484399956556827,1.0904013132378447
1316,0.09247300422282477,0.0026484326875007473,1.0908165166274102
1317,0.09247300422282477,0.0026484242917697515,1.0913531779604837
1318,0.09247300422282477,0.0026484137390328003,1.0921079391297683
1319,0.09247300422282477,0.0026484025096089347,1.0930078002111208
1320,0.09247300422282477,0.0026483895713201267,1.0938712960561157
1321,0.09247300422282477,0.0026483758004214094,1.0947885695010349
1322,0.09247300422282477,0.0026483587447097873,1.0958236914291668
1323,0.09247300422282477,0.002648348064184274,1.0972131380157761
1324,0.09247300422282477,0.0026483325097126334,1.097289097419219
1325,0.09247300422282477,0.0026483147412700797,1.098538541826447
1326,0.0979632308679778,0.0026483037638453956,1.0992379170187423
1327,0.0979632308679778,0.0026482962936315605,1.1005656349753814
1328,0.0979632308679778,0.0026482883025193,1.1007302143400126
1329,0.0979632308679778,0.0026482804095298734,1.101455482415311
1330,0.0979632308679778,0.0026482725623161443,1.102083652638212
1331,0.0979632308679778,0.0026482655036347176,1.102920175692696
1332,0.0979632308679778,0.002648259461854848,1.1037862885466554
1333,0.0979632308679778,0.0026482531362283846,1.1042167015099642
1334,0.0979632308679778,0.002648246795964314,1.1044245646855027
1335,0.0979632308679778,0.00264823985244706,1.105383829979549
1336,0.0979632308679778,0.0026482337474664445,1.1052971941949372
1337,0.0979632308679778,0.0026482261671548694,1.1063542130283865
1338,0.0979632308679778,0.0026482180217036713,1.107121818571459
1339,0.0979632308679778,0.0026482113901633683,1.1074772316918706
1340,0.09247300422282477,0.0026482052173210555,1.108364175973783
1341,0.09247300422282477,0.0026481989797648236,1.109370670905798
1342,0.09247300422282477,0.002648193831707159,1.1104088432512884
1343,0.09247300422282477,0.00264818818935857,1.1113284500725542
1344,0.09247300422282477,0.0026481835297436744,1.1121321272786677
1345,0.09247300422282477,0.0026481799989033065,1.1123036007177416
1346,0.09247300422282477,0.0026481780295029922,1.1133382634341247
1347,0.09247300422282477,0.002648175324012979,1.1131727454927831
1348,0.09247300422282477,0.0026481719890679664,1.1132575940700684
1349,0.09247300422282477,0.0026481691434664728,1.1139695774830078
1350,0.09247300422282477,0.0026481658240329175,1.1153726826885584
1351,0.09247300422282477,0.0026481640917098543,1.1161444099754299
1352,0.09247300422282477,0.0026481624150348124,1.1165218648130883
1353,0.09247300422282477,0.00264816092222224,1.1169117092473357
1354,0.09247300422282477,0.002648159790298724,1.116932994462854
1355,0.09247300422282477,0.0026481587396000924,1.1173700682823167
1356,0.09247300422282477,0.002648157562537833,1.1177880267618143
1357,0.09247300422282477,0.0026481559524255877,1.1185242217562141
1358,0.09247300422282477,0.002648153881189954,1.1194135759062291
1359,0.09247300422282477,0.0026481512041995198,1.120716844436492
1360,0.09247300422282477,0.0026481483080827016,1.1215431934321154
1361,0.09247300422282477,0.002648145251551238,1.1225851852964905
1362,0.09247300422282477,0.002648141510577881,1.1227337879841361
1363,0.09247300422282477,0.0026481376230338455,1.123444221693487
1364,0.09247300422282477,0.002648133747844727,1.1235790765576956
1365,0.09247300422282477,0.0026481300252664684,1.124347542451162
1366,0.09247300422282477,0.002648126828662495,1.1251269389985001
1367,0.09247300422282477,0.0026481234413112576,1.1266697255213483
1368,0.09247300422282477,0.0026481192976286643,1.127684803848501
1369,0.09247300422282477,0.0026481153541266975,1.1298186305867808
1370,0.09247300422282477,0.0026481111785146253,1.130224417920904
1371,0.09247300422282477,0.0026481066604839803,1.131688597533947
1372,0.09247300422282477,0.002648100813054276,1.1329828442619634
1373,0.09247300422282477,0.0026480951148437344,1.135003085072117
1374,0.09247300422282477,0.002648087399780349,1.1360067203561082
1375,0.09247300422282477,0.0026480812396761,1.1398933359416747
1376,0.09247300422282477,0.0026480728450421257,1.1398255554303884
1377,0.09247300422282477,0.002648065390898624,1.1409140314895767
1378,0.09247300422282477,0.002648058742506792,1.1430127673930492
1379,0.0979632308679778,0.00264805296812641,1.14454132948262
1380,0.0979632308679778,0.0026480484438327697,1.1465337852423476
1381,0.0979632308679778,0.002648044795662315,1.146190776934331
1382,0.0979632308679778,0.0026480411670422666,1.1477142566425684
1383,0.09247300422282477,0.0026480378272893844,1.147589716186019
1384,0.09247300422282477,0.0026480347012097765,1.1483254521236754
1385,0.09247300422282477,0.0026480320250280177,1.1493036225291096
1386,0.0979632308679778,0.0026480298078639286,1.1498733971450474
1387,0.0979632308679778,0.0026480274164684676,1.1502121916243644
1388,0.0979632308679778,0.002648024260503608,1.150672853665233
1389,0.0979632308679778,0.0026480222515319132,1.1510369276469627
1390,0.0979632308679778,0.0026480203715920376,1.1510583771120635
1391,0.0979632308679778,0.002648018259783555,1.1517245274830166
1392,0.0979632308679778,0.0026480158675941646,1.1520303396546079
1393,0.0979632308679778,0.002648014355124519,1.153402875994892
1394,0.0979632308679778,0.002648012178788398,1.1533776244265492
1395,0.0979632308679778,0.0026480098327298085,1.1540296400064756
1396,0.0979632308679778,0.00264800830625223,1.1547346232034847
1397,0.0979632308679778,0.0026480067497781806,1.155434948228029
1398,0.0979632308679778,0.0026480051473909954,1.155908773301858
1399,0.0979632308679778,0.002648003792373816,1.1565066379839823
1400,0.0979632308679778,0.0026480019268243053,1.1568807467585298
1401,0.0979632308679778,0.002648000215934962,1.1581635813575877
1402,0.0979632308679778,0.0026479987183291136,1.158250476708664
1403,0.0979632308679778,0.002647997505291574,1.1589498351253307
1404,0.0979632308679778,0.0026479964379964647,1.1597120464272506
1405,0.0979632308679778,0.0026479956893183643,1.1601305701323448
1406,0.0979632308679778,0.002647994622937525,1.1609670387777045
1407,0.0979632308679778,0.002647993405106521,1.1617996741147658
1408,0.0979632308679778,0.0026479924017762204,1.163022960940033
1409,0.0979632308679778,0.002647991485340368,1.1632888555896002
1410,0.0979632308679778,0.0026479903194085042,1.1640135724542136
1411,0.0979632308679778,0.002647989147709273,1.1645587528544916
1412,0.0979632308679778,0.002647987959113218,1.1651388013979849
1413,0.0979632308679778,0.0026479870480378546,1.165640122801936
1414,0.0979632308679778,0.0026479862995593827,1.1667354984406846
1415,0.0979632308679778,0.0026479856863846417,1.1669271770843244
1416,0.0979632308679778,0.0026479849803911605,1.1677573025561934
1417,0.0979632308679778,0.002647984097249953,1.1683796941725544
1418,0.0979632308679778,0.0026479832339829043,1.1691374386567093
1419,0.0979632308679778,0.0026479823260056588,1.1695585672310183
1420,0.0979632308679778,0.0026479814023907516,1.170770957321768
1421,0.0979632308679778,0.0026479803288563778,1.1712028686477847
1422,0.0979632308679778,0.0026479790768461227,1.171930231800634
1423,0.0979632308679778,0.0026479775522992343,1.1726436512925922
1424,0.0979632308679778,0.0026479760447102175,1.173874711673578
1425,0.0979632308679778,0.0026479741735396267,1.1743344658759451
1426,0.0979632308679778,0.002647972295564468,1.1764823163083766
1427,0.0979632308679778,0.0026479703863678057,1.176716377991916
1428,0.0979632308679778,0.002647968660824318,1.1778944904628337
1429,0.0979632308679778,0.0026479667267125507,1.1792300597329763
1430,0.0979632308679778,0.0026479652423579718,1.1802255169197038
1431,0.0979632308679778,0.0026479637329445923,1.1811036157727082
1432,0.0979632308679778,0.0026479630007232627,1.1827836744648672
1433,0.0979632308679778,0.002647962170076399,1.1825305660948453
1434,0.0979632308679778,0.002647961384238115,1.182972485230802
1435,0.0979632308679778,0.002647960498648734,1.1835733631313619
1436,0.0979632308679778,0.002647959690533498,1.1849190203626074
1437,0.0979632308679778,0.0026479589629077086,1.1853032122423526
1438,0.0979632308679778,0.0026479579513733064,1.1860667693535665
1439,0.0979632308679778,0.0026479566203581897,1.1871331877389977
1440,0.0979632308679778,0.0026479555274370346,1.189390348853502
1441,0.0979632308679778,0.0026479539740243314,1.1894606057866577
1442,0.0979632308679778,0.0026479517916193373,1.1902157357734668
1443,0.0979632308679778,0.0026479497333051854,1.191457909221046
1444,0.0979632308679778,0.002647948576556422,1.1921525459217777
1445,0.0979632308679778,0.0026479475123307233,1.191826435546813
1446,0.0979632308679778,0.002647946581832556,1.1926943366764209
1447,0.10267301167994991,0.002647945807237165,1.1924977342823704
1448,0.10267301167994991,0.0026479447910032665,1.1930604180177284
1449,0.10267301167994991,0.0026479433604508482,1.193808905359601
1450,0.10267301167994991,0.0026479417592161574,1.195561666909765
1451,0.0979632308679778,0.002647940148310886,1.1958570413714205
1452,0.0979632308679778,0.0026479385953785193,1.1971021306515666
1453,0.0979632308679778,0.002647936854164451,1.198109712673049
1454,0.0979632308679778,0.0026479357161452114,1.1981789510468595
1455,0.0979632308679778,0.0026479343719709517,1.1993701400048535
1456,0.0979632308679778,0.002647933021038119,1.1997566311855068
1457,0.0979632308679778,0.002647932006652024,1.2003562577966997
1458,0.0979632308679778,0.002647931214749623,1.2008407676932984
1459,0.0979632308679778,0.00264793050621257,1.2014394483361048
1460,0.0979632308679778,0.0026479298274191864,1.2019953088490953
1461,0.0979632308679778,0.0026479291388679547,1.2023219864888375
1462,0.0979632308679778,0.002647928508609512,1.2034960211898171
1463,0.0979632308679778,0.0026479276327576757,1.2035733214052027
1464,0.0979632308679778,0.002647926511575866,1.2039608265129207
1465,0.0979632308679778,0.002647925561937274,1.204772745550868
1466,0.0979632308679778,0.0026479245907102705,1.205647987155648
1467,0.0979632308679778,0.002647923438716222,1.2060803721119084
1468,0.0979632308679778,0.002647922544173168,1.2072531079603446
1469,0.0979632308679778,0.002647921523897218,1.207148752236623
1470,0.10267301167994991,0.002647920330342421,1.2075713466740565
1471,0.10267301167994991,0.0026479190370515466,1.208420396357313
1472,0.10267301167994991,0.0026479181710341365,1.2090547011398955
1473,0.10267301167994991,0.0026479175508797134,1.2093317785144813
1474,0.10267301167994991,0.002647917059856481,1.209919116088752
1475,0.10267301167994991,0.0026479167594757884,1.2096762171127946
1476,0.10267301167994991,0.0026479164366493206,1.209871547072384
1477,0.10267301167994991,0.0026479161452780814,1.2100375853781689
1478,0.10267301167994991,0.0026479158284507783,1.2103710485291093
1479,0.10267301167994991,0.0026479155028121338,1.2105064642964012
1480,0.10267301167994991,0.002647915196619273,1.2107548502067347
1481,0.10267301167994991,0.002647914877970727,1.2111087281024269
1482,0.10267301167994991,0.0026479146589330604,1.2112448335667811
1483,0.10267301167994991,0.0026479144003898176,1.2116493481959043
1484,0.10267301167994991,0.002647914146940744,1.2118115496469746
1485,0.10267301167994991,0.0026479139241967816,1.212219788821923
1486,0.10267301167994991,0.0026479136935264424,1.2123083420259757
1487,0.10267301167994991,0.0026479134539899706,1.2126123132695805
1488,0.10267301167994991,0.002647913167392607,1.2128080950041897
1489,0.10267301167994991,0.002647912889509413,1.2131235748125608
1490,0.10267301167994991,0.0026479125843552535,1.213222699982693
1491,0.10267301167994991,0.002647912172621085,1.2136388755797607
1492,0.10267301167994991,0.0026479116911326144,1.2137328389944833
1493,0.10267301167994991,0.0026479111269797654,1.214260787332304
1494,0.10267301167994991,0.00264791031637193,1.214452282243126
1495,0.10267301167994991,0.0026479092777969625,1.2147610899489634
1496,0.10267301167994991,0.002647908301950723,1.21490028887914
1497,0.10267301167994991,0.0026479069512667023,1.2153204411934861
1498,0.10267301167994991,0.002647905255111849,1.2154261905805421
1499,0.0979632308679778,0.0026479043012972107,1.2158833791796582
1500,0.0979632308679778,0.002647902798508477,1.2159501468669338
1501,0.0979632308679778,0.002647900827516501,1.21616757606029
1502,0.0979632308679778,0.0026478996571150117,1.2160246795217942
1503,0.0979632308679778,0.002647898647953074,1.2161556619151672
1504,0.10267301167994991,0.002647897615670544,1.2161650451046344
1505,0.10267301167994991,0.0026478969241945692,1.2160223164401878
1506,0.10267301167994991,0.0026478965828087317,1.216110196933549
1507,0.10267301167994991,0.0026478960879097657,1.2160929359852592
1508,0.10267301167994991,0.0026478954855742444,1.215942681291957
1509,0.10267301167994991,0.0026478951015067873,1.2159665262465702
1510,0.10267301167994991,0.0026478947064544883,1.2158731027277858
1511,0.10267301167994991,0.0026478943115378724,1.2158332579101756
1512,0.10267301167994991,0.0026478939778805206,1.2157341170844727
1513,0.10267301167994991,0.00264789356928992,1.2156804454421235
1514,0.10267301167994991,0.002647893169405152,1.215596063092008
1515,0.10267301167994991,0.00264789291900203,1.2155165669018195
1516,0.10267301167994991,0.0026478927352989903,1.215434038360444
1517,0.10267301167994991,0.0026478925940008006,1.2153085746399852
1518,0.10267301167994991,0.002647892405366909,1.2152643946539967
1519,0.10267301167994991,0.002647892202406378,1.215188915373901
